subject,activity,tBodyAcc-mean()-X,tBodyAcc-mean()-Y,tBodyAcc-mean()-Z,tBodyAcc-std()-X,tBodyAcc-std()-Y,tBodyAcc-std()-Z,tGravityAcc-mean()-X,tGravityAcc-mean()-Y,tGravityAcc-mean()-Z,tGravityAcc-std()-X,tGravityAcc-std()-Y,tGravityAcc-std()-Z,tBodyAccJerk-mean()-X,tBodyAccJerk-mean()-Y,tBodyAccJerk-mean()-Z,tBodyAccJerk-std()-X,tBodyAccJerk-std()-Y,tBodyAccJerk-std()-Z,tBodyGyro-mean()-X,tBodyGyro-mean()-Y,tBodyGyro-mean()-Z,tBodyGyro-std()-X,tBodyGyro-std()-Y,tBodyGyro-std()-Z,tBodyGyroJerk-mean()-X,tBodyGyroJerk-mean()-Y,tBodyGyroJerk-mean()-Z,tBodyGyroJerk-std()-X,tBodyGyroJerk-std()-Y,tBodyGyroJerk-std()-Z,tBodyAccMag-mean(),tBodyAccMag-std(),tGravityAccMag-mean(),tGravityAccMag-std(),tBodyAccJerkMag-mean(),tBodyAccJerkMag-std(),tBodyGyroMag-mean(),tBodyGyroMag-std(),tBodyGyroJerkMag-mean(),tBodyGyroJerkMag-std()
1,1,0.28111697,-0.018079718,-0.11667518,-0.28354284,0.12280051,-0.26290057,0.93547823,-0.29215241,-0.07477011,-0.98081539,-0.97813557,-0.9604447,0.10305991,0.03298224,-0.018248447,-0.12475952,0.064997322,-0.50771295,-0.031907167,-0.088300488,0.095624123,-0.48169764,-0.061530134,-0.34813109,-0.095098173,-0.068501754,-0.059599967,-0.20600776,-0.31751946,-0.40483479,-0.12980293,-0.22709309,-0.12980293,-0.22709309,-0.14261311,-0.089638008,-0.16295412,-0.19787858,-0.2998284,-0.34550214
1,2,0.26001212,-0.021954576,-0.10683037,-0.35712019,0.0012200422,-0.017909026,0.8950979,-0.36604115,-0.074466305,-0.96667661,-0.96939257,-0.92143271,0.096766961,0.013785748,-0.021435044,-0.44118742,-0.37666166,-0.71030832,0.093609178,-0.18502227,0.061595964,-0.5893452,0.0065099818,-0.54632096,-0.12121225,-0.028408846,-0.024690708,-0.61138333,-0.59734456,-0.60070987,-0.13258213,-0.32439212,-0.13258213,-0.32439212,-0.46366681,-0.47897137,-0.13508638,-0.20028901,-0.58606799,-0.64489902
1,3,0.28134949,-0.0075220252,-0.1095915,0.026284824,-0.03574553,-0.23035782,0.93203802,-0.26803107,-0.051933496,-0.95714561,-0.94146904,-0.89979118,0.05093887,0.030894841,0.013159109,-0.018679711,-0.12235991,-0.33837871,-0.073423786,-0.098699586,0.099219275,-0.39244675,-0.13965682,-0.12087797,-0.075669852,-0.018155334,-0.019976938,-0.48668696,-0.25649015,-0.28690586,0.027670965,0.012738503,0.027670965,0.012738503,-0.10010991,-0.029108804,-0.066701101,-0.21352886,-0.30164164,-0.34730564
1,4,0.27727452,-0.015873588,-0.10949351,-0.99584854,-0.98192492,-0.99072156,0.87410872,0.1456773,0.32520586,-0.9956679,-0.98811386,-0.99381054,0.075451243,0.0099012407,-0.00060033363,-0.99396693,-0.99050354,-0.99252449,-0.028211664,-0.074553856,0.086518022,-0.99735086,-0.99424221,-0.98448174,-0.097585544,-0.03994669,-0.055327731,-0.99824451,-0.99603909,-0.9953921,-0.99223301,-0.99395981,-0.99223301,-0.99395981,-0.99352627,-0.99477566,-0.98533998,-0.98688986,-0.99721137,-0.9970187
1,5,0.27796276,-0.016979698,-0.11033551,-0.99732847,-0.98394066,-0.99040744,0.94489486,-0.29262334,-0.0049576372,-0.99812719,-0.99113831,-0.99126992,0.075779115,0.0097634661,-0.00053427358,-0.99527281,-0.98755275,-0.99249984,-0.027372739,-0.074796836,0.088998758,-0.99088198,-0.99289135,-0.99220528,-0.097980589,-0.040967713,-0.054341093,-0.9946724,-0.99694746,-0.99451099,-0.99161808,-0.99167203,-0.99161808,-0.99167203,-0.99325987,-0.99456104,-0.9882832,-0.98949314,-0.99680193,-0.99690792
1,6,0.27806494000000004,-0.0176645035,-0.1081825,-0.988714695,-0.98603146,-0.98643228,-0.208675215,0.77280839,0.5442067500000001,-0.9885396200000001,-0.988951675,-0.986661095,0.0753793745,0.0111022745,-0.00153414725,-0.9913398200000001,-0.98927464,-0.991957715,-0.02769875,-0.0745562315,0.086943931,-0.9768423399999999,-0.992602475,-0.97451677,-0.09887136299999999,-0.0400846985,-0.057130306,-0.993746415,-0.99626774,-0.994051515,-0.98189317,-0.986077485,-0.98189317,-0.986077485,-0.99125267,-0.993293945,-0.969165675,-0.965152985,-0.99585987,-0.99665375
2,1,0.26780915,-0.016486852,-0.11018469,-0.42055075,-0.086491221,-0.42346766,0.91330906,-0.34693153,0.034632273,-0.97256191,-0.97871306,-0.97486463,0.059344519,0.0097203334,-0.0050209134,-0.28269406,-0.053523732,-0.58397619,-0.029189189,-0.07647036,0.087446841,-0.56562245,-0.54368081,-0.47679889,-0.0957022,-0.061178372,-0.066830094,-0.41089026,-0.64991204,-0.45322615,-0.29734115,-0.43464859,-0.29734115,-0.43464859,-0.29130408,-0.19050464,-0.46148716,-0.55519019,-0.55917481,-0.57280162
2,2,0.25312469,-0.014387314,-0.129096195,-0.31965878999999997,0.0953882105,-0.204455785,0.82743932,-0.43160381999999997,-0.0897692705,-0.95612155,-0.949818575,-0.931207135,0.0577460625,-0.032040032999999996,0.056345213500000005,-0.30046433,-0.244985215,-0.615807875,-0.025482091,-0.045205614500000005,0.050352701,-0.402861035,-0.46313247,-0.21943787,-0.0686227655,-0.0503856295,-0.023256375000000003,-0.459762185,-0.66043564,-0.47760992,-0.10511447,-0.21678225,-0.10511447,-0.21678225,-0.32827487,-0.25235321499999996,-0.21777438999999998,-0.39662506,-0.5777388649999999,-0.598271045
2,3,0.27873663,-0.018153403,-0.1260511,0.056146545,0.26128485,-0.15395808,0.86875544,-0.33234194,0.024746154,-0.94737856,-0.94220621,-0.936338,0.068800214,-0.013227115,0.0077113564,0.15750824,0.093298737,-0.32605422,-0.11269568,0.019575582,0.068691573,-0.326839,-0.41249567,-0.27252004,-0.081117114,-0.039552477,-0.066792333,-0.25752405,-0.49218321,-0.21992792,0.094583508,0.232446,0.094583508,0.232446,0.0039954428,0.19109367,-0.1336128,-0.24231799,-0.42150307,-0.38207988
2,4,0.27617497,-0.0154911725,-0.105193445,-0.9950791999999999,-0.97567974,-0.979514725,0.954288975,-0.12583398,0.17322210999999998,-0.99682267,-0.990321075,-0.98620911,0.076142767,0.01011690365,-0.0006574200049999999,-0.99222169,-0.98211649,-0.990656025,-0.0279965415,-0.074818468,0.0876008915,-0.992962005,-0.983881985,-0.975642185,-0.09744692099999999,-0.042771931,-0.0527143085,-0.992967105,-0.993027705,-0.98821203,-0.98439197,-0.9839656400000001,-0.98439197,-0.9839656400000001,-0.98962909,-0.9915193,-0.982594745,-0.97942968,-0.9924122449999999,-0.99283734
2,5,0.277432005,-0.0185121125,-0.109954355,-0.99439743,-0.97195858,-0.977238295,0.890332185,-0.38030765,0.136161695,-0.99562034,-0.98357394,-0.981221825,0.0753320855,0.0108735155,0.000645912685,-0.99147914,-0.9814051500000001,-0.988275945,-0.027296844,-0.07791543249999999,0.0856831415,-0.98526545,-0.9846186299999999,-0.97847851,-0.09896500350000001,-0.0401724315,-0.052304682,-0.989360845,-0.99251088,-0.989217335,-0.9814585650000001,-0.98034593,-0.9814585650000001,-0.98034593,-0.988474925,-0.990262055,-0.981738905,-0.978848235,-0.991605285,-0.99165606
2,6,0.28013637999999996,-0.017627091,-0.107825015,-0.988919415,-0.989997665,-0.99031047,-0.49866804,0.76824702,0.63786782,-0.9821439,-0.9955045899999999,-0.9925943150000001,0.07741579300000001,0.012634741500000001,-0.00105438295,-0.991110675,-0.988286105,-0.9904207,-0.027854636000000002,-0.0748041455,0.08512449799999999,-0.99537465,-0.9891457,-0.9829511,-0.0986622885,-0.0377933605,-0.056053155,-0.9959795149999999,-0.99368818,-0.9923563200000001,-0.98914397,-0.98848705,-0.98914397,-0.98848705,-0.991393405,-0.99276029,-0.985160485,-0.9887138799999999,-0.9946823499999999,-0.995345385
3,1,0.26922953,-0.0188662285,-0.11360690500000001,-0.347835855,-0.070385767,-0.38059687,0.93789308,-0.261121995,-0.13466186,-0.983375235,-0.96460954,-0.959090215,0.11274584,0.017358899,0.0233504115,-0.25453950999999997,-0.037732052,-0.52738895,-0.0337567215,-0.06765049249999999,0.081140042,-0.5782685750000001,-0.56976569,-0.47570323999999997,-0.084683362,-0.039509761000000004,-0.0290304705,-0.37953086999999996,-0.65168632,-0.53714431,-0.241401095,-0.32690318500000004,-0.241401095,-0.32690318500000004,-0.262496055,-0.11963222000000001,-0.46511421,-0.5738794,-0.55761694,-0.57020111
3,2,0.26812381,-0.021686009,-0.11035526,-0.31659004,0.021226512,-0.36882095,0.87938151,-0.38715793,-0.16026484,-0.95702882,-0.93726352,-0.9177667,0.05198836,0.032915142,-0.0089552896,-0.45684431,-0.25094921,-0.70072165,0.072562639,-0.13875806,0.037977092,-0.46447703,-0.58809509,-0.51496056,-0.10198418,-0.03539547,-0.010554975,-0.50723477,-0.76736187,-0.57211276,-0.18153517,-0.33431866,-0.18153517,-0.33431866,-0.43584112,-0.43866185,-0.3497794,-0.47530997,-0.65692039,-0.71049062
3,3,0.29480972,-0.016522642,-0.11660425,-0.089973058,-0.081178636,-0.36335291,0.9412991,-0.23298304,-0.10326493,-0.95136186,-0.95179047,-0.91471731,0.10123714,0.020611052,-0.0030807857,-0.14453871,-0.15908976,-0.57215379,-0.106919,-0.0064460229,0.12853727,-0.2776826,-0.55358679,-0.45183238,-0.072258429,-0.059166533,-0.04890889,-0.32521365,-0.68453264,-0.37457968,-0.0822611,-0.075078435,-0.0822611,-0.075078435,-0.25350505,-0.13705207,-0.22387944,-0.32969262,-0.52689527,-0.59631252
3,4,0.275496175,-0.0155442555,-0.10144639999999999,-0.991618165,-0.95772313,-0.969447045,0.94844343,0.07769182599999999,0.108672935,-0.99501405,-0.9755363050000001,-0.965940065,0.0751717395,0.011950176,0.00333905795,-0.9869403050000001,-0.97191719,-0.98562265,-0.028939025,-0.07701322799999999,0.0862144325,-0.9891153850000001,-0.979020505,-0.964519685,-0.0974224215,-0.0393277555,-0.058686538499999996,-0.984855115,-0.9886544749999999,-0.9869377699999999,-0.969254125,-0.965235615,-0.969254125,-0.965235615,-0.983395015,-0.9840370949999999,-0.97096657,-0.968686205,-0.987969715,-0.98928315
3,5,0.27739954,-0.016447003,-0.10844469,-0.97794234,-0.91645669,-0.95605255,0.93560613,-0.30766191,0.017291521,-0.9922581,-0.97648021,-0.96910445,0.075605546,0.012810849,-0.0035434776,-0.97719149,-0.9630124,-0.98214604,-0.025389727,-0.071417469,0.08525651,-0.91512345,-0.94030764,-0.92513386,-0.096814122,-0.043307676,-0.054081425,-0.96269852,-0.97913222,-0.97382701,-0.95522167,-0.94477577,-0.95522167,-0.94477577,-0.97100461,-0.96930397,-0.89696209,-0.89832535,-0.97238855,-0.97689514
3,6,0.275107535,-0.017882475000000002,-0.10569389,-0.98947416,-0.979811455,-0.983999005,-0.22507097,0.85578899,0.458747265,-0.98975562,-0.9946316049999999,-0.9862944,0.076320169,0.0111131175,-0.00391896605,-0.98635308,-0.978592245,-0.988931415,-0.0262591425,-0.07577374249999999,0.08571639449999999,-0.98446733,-0.988372025,-0.984114055,-0.0989726795,-0.040719602,-0.0558930205,-0.98846,-0.9934022,-0.9901489450000001,-0.98484685,-0.9854735450000001,-0.98484685,-0.9854735450000001,-0.986997785,-0.987350215,-0.978052105,-0.975018085,-0.99273713,-0.992863735
4,1,0.27344678,-0.016364459499999998,-0.10974587,-0.442772485,-0.0635923515,-0.589490635,0.963890165,-0.10232459999999999,0.13247151000000001,-0.9849676549999999,-0.976131225,-0.96490462,0.077364492,0.0059477881,0.0017569558499999998,-0.308853335,-0.225491,-0.74825404,-0.032059979,-0.07502732100000001,0.0882945225,-0.51328167,-0.66403697,-0.668151165,-0.109277235,-0.0493288965,-0.0558087225,-0.494853945,-0.811047895,-0.65582339,-0.31678569,-0.534521645,-0.31678569,-0.534521645,-0.375854535,-0.31462268000000004,-0.5061784899999999,-0.5719251599999999,-0.6836183149999999,-0.732455825
4,2,0.269488595,-0.0227290895,-0.1123374,-0.19632831499999998,-0.06800112450000001,-0.37083799500000003,0.943937315,-0.240124575,0.0859535115,-0.9661448850000001,-0.95445921,-0.9331880850000001,0.07250877350000001,-0.032827999,-0.00893525545,-0.3762349,-0.29209189999999996,-0.72401366,0.07266455250000001,-0.1012187345,0.08933063150000001,-0.45322847,-0.55621049,-0.34680854,-0.103910745,-0.050628456,-0.0357546975,-0.5210212750000001,-0.84125746,-0.555912025,-0.140274595,-0.21510822000000002,-0.140274595,-0.21510822000000002,-0.39277278,-0.43807319,-0.29405667,-0.5028386149999999,-0.6779876300000001,-0.74987433
4,3,0.27377455,-0.007301699,-0.10476352,0.034057343,-0.20861069,-0.46675464,0.94797524,-0.05691296,0.14434646,-0.96104261,-0.93433968,-0.94940219,0.12276109,0.01194873,0.012914611,-0.1399059,-0.15015219,-0.63376131,-0.1493008,-0.0699527,0.05638533,-0.34680863,-0.7030946,-0.51856746,-0.071925132,-0.031628843,-0.036342589,-0.40800348,-0.8189634,-0.34081631,-0.03304231,-0.047703052,-0.03304231,-0.047703052,-0.22144046,-0.20458102,-0.34131018,-0.39831742,-0.59585547,-0.64389303
4,4,0.276959065,-0.0132727485,-0.109917775,-0.988603625,-0.93338275,-0.960513105,0.868232675,0.260521805,0.08253894249999999,-0.99510297,-0.9842305250000001,-0.9731162250000001,0.0759410375,0.0103564005,0.000197450175,-0.98370366,-0.95954377,-0.982637145,-0.027832132000000002,-0.081848284,0.08924989550000001,-0.981254685,-0.96995619,-0.9433034849999999,-0.09693384799999999,-0.040202621,-0.054007746999999995,-0.977359505,-0.988118135,-0.979137245,-0.965851985,-0.963296465,-0.965851985,-0.963296465,-0.975413715,-0.97541798,-0.96174719,-0.94772919,-0.984724165,-0.98256499
4,5,0.27842346500000004,-0.0190406745,-0.11634638,-0.98999503,-0.911252155,-0.9374587750000001,0.95986923,-0.06969626200000001,0.165723665,-0.9941920449999999,-0.969794635,-0.957764785,0.075960153,0.0091753114,-0.00527678795,-0.9837366750000001,-0.95341604,-0.979866445,-0.032392172,-0.0814782345,0.087526227,-0.9312869,-0.96733833,-0.93893821,-0.1000014115,-0.0410190135,-0.054119329,-0.96172998,-0.98526665,-0.97208307,-0.945566385,-0.9498495899999999,-0.945566385,-0.9498495899999999,-0.973403425,-0.97129942,-0.93484312,-0.9308726949999999,-0.97751283,-0.9780243200000001
4,6,0.277321035,-0.016757346,-0.10915955499999999,-0.987544585,-0.986721895,-0.981995535,-0.4344787,0.8853101299999999,0.44478364000000004,-0.99119487,-0.9965291549999999,-0.99217617,0.076043534,0.0113645315,-0.0012866694,-0.992572965,-0.9818152849999999,-0.9900306649999999,-0.027920519999999997,-0.07686085949999999,0.086978531,-0.9876518249999999,-0.968968575,-0.992067355,-0.09861249799999999,-0.0393247225,-0.055658403499999995,-0.99243627,-0.9942369600000001,-0.99508443,-0.987249845,-0.98901671,-0.987249845,-0.98901671,-0.98939354,-0.9920223100000001,-0.974208575,-0.97848143,-0.99480726,-0.99554136
5,1,0.276520065,-0.012560004999999999,-0.10958636999999999,-0.32583643,0.0675479345,-0.454505365,0.9733308549999999,-0.0928639,-0.010062239099999998,-0.98101353,-0.977592845,-0.97260996,0.050351064,-0.049746773499999994,-0.0060500944,-0.31776572000000003,-0.08422383050000001,-0.636542885,-0.0287749745,-0.07200525,0.0866040285,-0.506781995,-0.50504435,-0.318599205,-0.09626734,-0.068243105,-0.032106698,-0.397521505,-0.563595165,-0.169135105,-0.18301587,-0.39230196,-0.18301587,-0.39230196,-0.29168569499999997,-0.2691428,-0.375464235,-0.482197225,-0.44958804500000005,-0.48589072499999997
5,2,0.27876023,-0.02434702,-0.10310971,-0.055078466,0.19071149,-0.3124165,0.93707061,-0.24396691,-0.024708529,-0.96946757,-0.94133913,-0.94762771,0.16238088,0.0026153143,-0.007544806,-0.2190907,-0.120749,-0.64703498,0.060579359,-0.16429315,0.036640195,-0.44769363,-0.43493767,-0.26536024,-0.14422273,-0.04525758,-0.09015179,-0.3070403,-0.63661327,-0.29427493,0.045406374,-0.14918404,0.045406374,-0.14918404,-0.23911558,-0.31243153,-0.24181097,-0.36003357,-0.48105137,-0.57119695
5,3,0.27857697,-0.015919992,-0.1017713,0.29849248,0.072045169,-0.33190674,0.95564136,-0.037288954,0.019318147,-0.95416267,-0.91842894,-0.9392947,0.095723178,-0.0065161294,0.012328094,0.05438708,0.048177704,-0.53817098,-0.077187145,-0.064302604,0.074806515,-0.47324922,-0.4122238,-0.21470361,-0.1040545,-0.10009649,-0.027459813,-0.4155111,-0.52515701,-0.028948281,0.21205119,0.17127249,0.21205119,0.17127249,-0.092214733,-0.055420573,-0.2219481,-0.3959973,-0.39707438,-0.47746051
5,4,0.27764630999999995,-0.016117988,-0.11044457499999999,-0.9860877050000001,-0.96297824,-0.95917301,0.931852065,0.10582166,0.15794898000000002,-0.993503305,-0.987001915,-0.97433733,0.076540504,0.0112596785,-0.0015381073499999998,-0.9845333599999999,-0.969594115,-0.9815516550000001,-0.0270484895,-0.07884221699999999,0.084223607,-0.98220419,-0.975393835,-0.95992242,-0.09713786299999999,-0.039703383499999995,-0.0556172505,-0.9731653250000001,-0.9826199099999999,-0.9757278300000001,-0.9691882949999999,-0.95981434,-0.9691882949999999,-0.95981434,-0.979054235,-0.98383434,-0.97260331,-0.963438165,-0.980077065,-0.98080776
5,5,0.27834488,-0.0171991295,-0.11270649499999999,-0.983761425,-0.915956435,-0.92831683,0.957836555,-0.024261751499999998,0.13559061,-0.993255205,-0.975781495,-0.964957305,0.07597842299999999,0.0091694315,0.00030292655499999997,-0.9733474049999999,-0.93934641,-0.970544045,-0.027465827,-0.07412769,0.08479208999999999,-0.95506778,-0.952232035,-0.92946319,-0.0955445955,-0.041240024,-0.052012097,-0.95248763,-0.970436325,-0.953365765,-0.94587154,-0.939399915,-0.94587154,-0.939399915,-0.962805205,-0.948896975,-0.94208859,-0.9269253749999999,-0.9624638000000001,-0.95816602
5,6,0.27735602000000004,-0.017245594000000003,-0.10822398,-0.9887845399999999,-0.983740185,-0.9797939099999999,-0.48395778,0.960963715,0.24361051,-0.99083795,-0.99738282,-0.987224015,0.07550174949999999,0.0088424833,-0.00166138925,-0.9885575600000001,-0.971798055,-0.99016818,-0.027788901499999998,-0.0762391325,0.08652135250000001,-0.987138265,-0.98028396,-0.985813405,-0.09840574199999999,-0.039726239499999996,-0.055851629,-0.9883193299999999,-0.9882412899999999,-0.99332779,-0.988026195,-0.989262565,-0.988026195,-0.989262565,-0.98611549,-0.9863249199999999,-0.980150605,-0.9831675099999999,-0.99024099,-0.9890260049999999
6,1,0.29068479,-0.01510003,-0.11267181,-0.2871903,0.14624983,-0.50979033,0.95854219,-0.21384646,0.031286341,-0.98047163,-0.97138653,-0.96805355,0.08754202,-0.035631226,-0.0035947765,-0.15369318,-0.0032842261,-0.65336659,-0.026004598,-0.072367992,0.086924633,-0.4565896,-0.33805272,-0.37691246,-0.057510122,-0.034450653,-0.02326547,-0.246881,-0.46971316,-0.21344077,-0.15775836,-0.27758412,-0.15775836,-0.27758412,-0.18685876,-0.067679073,-0.28153444,-0.36570938,-0.39525753,-0.41089171
6,2,0.25738042,-0.025805234,-0.11019181,-0.043336723,0.18009705,-0.38397774,0.91264574,-0.34681436,-0.019656035,-0.96981079,-0.9339243,-0.91635106,0.070466413,0.033484474,0.00082726144,-0.19525308,-0.030132166,-0.59527583,-0.073232249,-0.0092319127,0.067070205,-0.34654438,-0.34097767,-0.17656325,-0.033893737,-0.068807197,-0.042113484,-0.22279488,-0.49034661,-0.17880272,0.0041458651,-0.085329493,0.0041458651,-0.085329493,-0.21498908,-0.18034813,-0.13877823,-0.20251631,-0.39777345,-0.47065007
6,3,0.257530235,-0.0256648445,-0.11063679500000001,0.395555155,0.342685565,-0.39188255,0.929456955,-0.218964405,-0.0026151239000000003,-0.958243805,-0.939771355,-0.94021071,0.15893311,0.0340661855,0.012517448399999999,0.16555335,0.25368059,-0.46254232500000003,-0.11759260499999999,-0.018080062,0.0986933415,-0.17120258,-0.258164595,-0.0935538015,-0.0249448705,-0.10205697,-0.050593901000000004,0.066429716,-0.25951156,0.21207083999999998,0.33028638,0.37221451000000005,0.33028638,0.37221451000000005,0.11161337499999999,0.19403816000000002,0.009380300349999999,-0.01556754045,-0.11811503,-0.16462878
6,4,0.27619458,-0.015453395,-0.10713564,-0.9866579,-0.95558718,-0.94558059,0.95199688,0.038400324,0.15113398,-0.99590637,-0.9885666,-0.97754962,0.076660542,0.0098551589,-0.00067775039,-0.97682068,-0.95803875,-0.97213322,-0.028017444,-0.078208515,0.087512366,-0.97227721,-0.96009309,-0.96696013,-0.098601094,-0.038457451,-0.05401301,-0.96587664,-0.97091734,-0.9750325,-0.96865987,-0.96061627,-0.96865987,-0.96061627,-0.96920412,-0.96562455,-0.9619362,-0.95136345,-0.9714998,-0.96851063
6,5,0.27651584,-0.017158752,-0.11044871,-0.99021415,-0.95366168,-0.95556338,0.94645939,-0.25075922,0.10209136,-0.99587701,-0.98005192,-0.97104629,0.076459324,0.008685018,0.0026299501,-0.98308786,-0.97132965,-0.98110454,-0.029714454,-0.073505481,0.085636292,-0.96683436,-0.96417976,-0.96264466,-0.10030203,-0.040365922,-0.054939713,-0.97272513,-0.9760991,-0.97640151,-0.96722454,-0.9711009,-0.96722454,-0.9711009,-0.98028218,-0.97658778,-0.96078465,-0.95503642,-0.9777412,-0.97310367
6,6,0.27672656,-0.016614385,-0.11880371,-0.97989526,-0.97284062,-0.96059013,-0.48479869,0.97951175,0.12869315,-0.98585687,-0.9963841,-0.96909806,0.076807504,0.011388234,-0.0018051949,-0.98004752,-0.96378931,-0.97451844,-0.02872217,-0.077717331,0.087281927,-0.97655909,-0.96342846,-0.97301934,-0.099491462,-0.040369943,-0.058239808,-0.96122585,-0.97276105,-0.98021476,-0.96534183,-0.96867799,-0.96534183,-0.96867799,-0.97393638,-0.97297653,-0.96533417,-0.96146292,-0.9733746,-0.97228342
7,1,0.27832449,-0.017606195,-0.10986689,-0.33741629,-0.11115547,0.14363687,0.92670486,-0.14838801,-0.27603183,-0.98047213,-0.97544777,-0.95607228,0.10377255,-0.0085559253,-0.093682416,-0.34565111,-0.052246057,-0.13403073,-0.028888597,-0.074192132,0.076953945,-0.4849824,-0.23694482,-0.39668336,-0.11761508,-0.047889492,-0.043473054,-0.24548079,-0.15945343,-0.51012528,-0.06904544,-0.19281985,-0.06904544,-0.19281985,-0.19187444,-0.027699748,-0.27761743,-0.19586832,-0.31514857,-0.10351011
7,2,0.24625486,-0.02476739,-0.11468448,-0.3111659,-0.33647472,-0.18094457,0.84515222,-0.20447943,-0.40942338,-0.95923232,-0.96252034,-0.94819281,0.024599277,-0.021349785,-0.015881808,-0.42756589,-0.50960596,-0.61570034,-0.059146802,-0.023752841,0.14107153,-0.36832448,-0.56897837,-0.36365138,-0.097432293,-0.042200038,-0.082008051,-0.61401803,-0.67089814,-0.682581,-0.2080643,-0.33401586,-0.2080643,-0.33401586,-0.4572307,-0.48012892,-0.24752458,-0.4751672,-0.66404317,-0.67811153
7,3,0.27667442,-0.018115608,-0.10376044,0.12476183,-0.1282058,-0.10609719,0.92885803,-0.12565664,-0.25437858,-0.96940505,-0.95107344,-0.94536642,0.089856338,-0.02161923,0.022386098,0.067671176,-0.32509899,-0.34759374,-0.10238957,-0.032275414,0.10031661,-0.42454729,-0.28150242,-0.39996764,-0.084405653,-0.06526184,-0.069389372,-0.4820269,-0.31379513,-0.45160259,0.071945898,0.22500486,0.071945898,0.22500486,-0.14726407,0.08264324,-0.16380141,-0.22880308,-0.37805915,-0.30581195
7,4,0.27737879,-0.015579457000000001,-0.10915408500000001,-0.993652745,-0.98052445,-0.954094675,0.97212326,0.0078463114,0.068983301,-0.9962496999999999,-0.98961137,-0.9649527,0.076086231,0.0105933125,-0.000149824065,-0.992200165,-0.9868297699999999,-0.984537535,-0.027303554,-0.0734279115,0.09160079700000001,-0.986736315,-0.976434715,-0.983347395,-0.0982464185,-0.040094325,-0.053610407,-0.993630665,-0.9929144000000001,-0.9940248549999999,-0.9780514899999999,-0.97112488,-0.9780514899999999,-0.97112488,-0.9888348950000001,-0.987206715,-0.976493465,-0.97455437,-0.9944430200000001,-0.994574415
7,5,0.27853082,-0.016044259,-0.1063383,-0.98454588,-0.9587829,-0.94438145,0.9612719,-0.10751383,-0.15875184,-0.99463218,-0.97844032,-0.96787437,0.076287329,0.011066138,-0.0030461652,-0.9806312,-0.98292744,-0.98037465,-0.026549463,-0.078670524,0.084943799,-0.96613118,-0.96732339,-0.97944572,-0.099139863,-0.041926104,-0.053525339,-0.9841928,-0.98330596,-0.98733647,-0.96362375,-0.96651439,-0.96362375,-0.96651439,-0.98046078,-0.98172906,-0.96019581,-0.96291401,-0.98551228,-0.98185074
7,6,0.27366918,-0.018615122499999998,-0.10780171,-0.96092087,-0.9634488,-0.979150485,-0.48139211,0.29594059500000003,0.96763805,-0.9701323749999999,-0.98714075,-0.9911147499999999,0.0767996055,0.0130229005,-0.0022956274,-0.990807405,-0.9880837650000001,-0.9854509250000001,-0.026673657,-0.078686722,0.086836194,-0.978054815,-0.95419801,-0.984795725,-0.0992330075,-0.039029094,-0.0552727715,-0.9865562299999999,-0.988355175,-0.995438155,-0.964098225,-0.969526115,-0.964098225,-0.969526115,-0.988240945,-0.98847337,-0.9637312,-0.9598779,-0.99014337,-0.98956613
8,1,0.28250149,-0.0156892135,-0.112007485,-0.176515035,0.37094744,-0.0613632775,0.90867938,-0.206407135,-0.18906256,-0.9791301649999999,-0.968927205,-0.9668283550000001,0.126849245,-0.048550518,-0.004990760545,-0.24498388999999998,0.239545045,-0.436636745,0.009896406049999999,-0.0974442965,0.0711235955,-0.18342154500000002,-0.20838990000000002,-0.10986761575000001,-0.170686105,-0.0439158765,-0.048843724,-0.273437345,-0.4287688,-0.397706145,0.013820141,-0.18350168,0.013820141,-0.18350168,-0.0944069445,-0.203064155,-0.00703816505,-0.24204733,-0.334703475,-0.5016036450000001
8,2,0.24277673,-0.029456692,-0.11457138,-0.18385917,0.34810512,0.13519511,0.88510984,-0.28349655,-0.028682693,-0.93618339,-0.94614166,-0.9095407,0.1442115,-0.081256989,-0.13760638,-0.21311168,-0.032522962,-0.4734048,0.17585151,-0.17124009,0.019787063,-0.33423918,-0.088475846,0.17732933,-0.13254092,-0.010530543,-0.11907546,-0.40193575,-0.4156226,-0.4293037,0.1301746,-0.23872281,0.1301746,-0.23872281,-0.1465889,-0.25847888,0.16888337,-0.069702668,-0.40349637,-0.48518246
8,3,0.28038816499999997,-0.020198029,-0.106735915,0.032299912,0.33740919999999996,0.12010037,0.919643565,-0.19731263999999998,-0.026600706000000002,-0.949078315,-0.943809175,-0.9014852600000001,0.140720255,-0.054406082999999994,0.01030005,0.26827367999999996,0.22913075,0.022090813400000003,-0.1588246,-0.0383631685,0.10708358000000001,-0.205551765,0.00184642815,-0.154277345,-0.0519876275,-0.0597246295,-0.095060105,-0.28574309,-0.046706374,-0.187562325,0.181013245,0.11511308,0.181013245,0.11511308,0.29647964,0.20358636000000002,0.0997245175,-0.0475961425,-0.11427127000000001,-0.15743225
8,4,0.275821215,-0.0145970575,-0.10718983500000001,-0.993412655,-0.984693555,-0.97953258,0.8661646350000001,0.236073575,0.20402076000000002,-0.992446505,-0.9909921150000001,-0.985533875,0.07630948200000001,0.0093341417,0.000376333595,-0.992940555,-0.988365095,-0.989145955,-0.027998026,-0.07440771900000001,0.0899830165,-0.9954933,-0.98625003,-0.980374935,-0.096696962,-0.040852321999999996,-0.054189743,-0.9965698700000001,-0.9961623900000001,-0.99347952,-0.98705053,-0.98804728,-0.98705053,-0.98804728,-0.9917214649999999,-0.99194264,-0.9798870399999999,-0.9840818250000001,-0.9966701600000001,-0.9967295700000001
8,5,0.27752104,-0.0166625655,-0.10576717,-0.9973939949999999,-0.976282385,-0.98077321,0.971870215,-0.096684742,-0.087749045,-0.99782026,-0.989484975,-0.9842929250000001,0.0758792895,0.010199547,-0.00309507415,-0.995581375,-0.9853835,-0.99022097,-0.027489073500000002,-0.0750869095,0.08742722650000001,-0.9878161599999999,-0.98982023,-0.9887138200000001,-0.09783633450000001,-0.041861084,-0.053836603499999997,-0.99094289,-0.9961891549999999,-0.9952983950000001,-0.98671923,-0.98682984,-0.98671923,-0.98682984,-0.99174053,-0.99089435,-0.986068245,-0.98336269,-0.995293805,-0.99607718
8,6,0.276487445,-0.017456551,-0.10737683,-0.9561738200000001,-0.96272561,-0.985262235,-0.40681801,0.38656214499999997,0.905948305,-0.9700205900000001,-0.985498855,-0.989868645,0.0749909695,0.011285218,-0.0015956060999999999,-0.9906912999999999,-0.98953768,-0.99190925,-0.027646551,-0.077539109,0.08648729250000001,-0.980040705,-0.958632335,-0.99366172,-0.0998459585,-0.0404865135,-0.0552546255,-0.994870415,-0.9912484699999999,-0.9950710949999999,-0.958139955,-0.96089126,-0.958139955,-0.96089126,-0.99190968,-0.99350162,-0.9643522849999999,-0.9654882499999999,-0.99373626,-0.99337776
9,1,0.281641435,-0.018768633,-0.116608945,-0.212244435,-0.20971359,-0.053533988500000004,0.95434251,-0.026148385649999998,-0.1186738865,-0.983295185,-0.97868284,-0.9655111949999999,0.063636582,-0.003848951955,-0.0497309965,-0.18537817,-0.287032305,-0.405298025,-0.0482690725,-0.072430939,0.09018317449999999,-0.480062735,-0.46402449,-0.265148235,-0.0839141525,-0.0392437465,-0.0716758745,-0.53429645,-0.553116175,-0.45223957000000004,-0.08286440149999999,-0.36648498,-0.08286440149999999,-0.36648498,-0.18773597,-0.31929094,-0.29892427,-0.505578545,-0.5130083599999999,-0.607844955
9,2,0.26206247,-0.016602169,-0.11689936,-0.36139995,-0.30465184,-0.29644676,0.9389173,-0.089085839,-0.18117619,-0.96114585,-0.91443842,-0.90248962,0.080144321,-0.015209776,0.027290777,-0.3114577,-0.58171572,-0.64798052,-0.087867404,-0.045853894,0.15992489,-0.33982108,-0.50047358,-0.12838059,-0.11596223,-0.017503013,-0.04975493,-0.65535631,-0.72129335,-0.64747956,-0.26602586,-0.40809154,-0.26602586,-0.40809154,-0.42759661,-0.43604878,-0.080175023,-0.41581814,-0.69270304,-0.75962434
9,3,0.31542472,-0.021467701999999998,-0.10334821,0.21931462000000002,-0.25143709000000003,0.10202963949999999,0.94234524,-0.030526129,-0.098937498,-0.947389575,-0.94391445,-0.89334015,0.12741154,-0.028935473999999996,0.0133449725,0.049980407000000004,-0.30059818,-0.321606475,-0.1087480405,-0.06511990949999999,0.104031985,-0.43104417,-0.32037197500000003,-0.28952642,-0.062175364,-0.0718322225,-0.0958035275,-0.512986845,-0.439999305,-0.414792295,0.15807944000000002,0.29389263,0.15807944000000002,0.29389263,-0.12253569,0.092972363,-0.15520051,-0.330825265,-0.44617245,-0.463882365
9,4,0.277485975,-0.017970406,-0.10527591,-0.984303825,-0.93396035,-0.942473815,0.96473018,0.0146410225,0.007204686849999999,-0.9953468400000001,-0.98530805,-0.9673505099999999,0.0773029925,0.012872322,0.0006485630249999999,-0.9790391,-0.9704736899999999,-0.9736728649999999,-0.0282522835,-0.0760482765,0.08508151,-0.973438175,-0.9559806,-0.96249691,-0.0967613115,-0.042164216000000004,-0.0528283235,-0.978006265,-0.98323942,-0.9839140500000001,-0.953610835,-0.9535508349999999,-0.953610835,-0.9535508349999999,-0.97782068,-0.97105658,-0.9530888099999999,-0.9480306599999999,-0.9844664000000001,-0.9808791050000001
9,5,0.27788523,-0.017987423,-0.10621163,-0.98565631,-0.97240406,-0.95612971,0.96260652,-0.0042720541,-0.099919694,-0.99587204,-0.98923721,-0.96730534,0.076067257,0.010466658,0.0016255066,-0.98242249,-0.98258985,-0.9806837,-0.029079153,-0.079464956,0.085157628,-0.96152918,-0.97255904,-0.97139122,-0.099980264,-0.040288054,-0.054853176,-0.96793282,-0.98660782,-0.98597273,-0.97093419,-0.9693464,-0.97093419,-0.9693464,-0.98220707,-0.98191199,-0.96298137,-0.95006541,-0.98190716,-0.98021881
9,6,0.280475515,-0.018525013,-0.108191925,-0.9567137649999999,-0.93835683,-0.9551993000000001,-0.47706851,-0.36902192,0.956102625,-0.97371272,-0.9822845,-0.990705015,0.077546904,0.0105434985,-0.0016865545,-0.9739761650000001,-0.97210657,-0.97458516,-0.026484327,-0.07875910250000001,0.0845172515,-0.9544093849999999,-0.9399800650000001,-0.9707762600000001,-0.09992979599999999,-0.035684043,-0.054724392499999996,-0.9580986,-0.97861623,-0.98371297,-0.94733553,-0.9418889100000001,-0.94733553,-0.9418889100000001,-0.97327231,-0.971930125,-0.93812332,-0.91959755,-0.97816981,-0.9701293099999999
10,1,0.28955936,-0.01423203,-0.11484764,-0.19767343,-0.032091207,-0.41188386,0.96365321,-0.19590878,0.050120826,-0.97866954,-0.97546553,-0.96785374,0.099037884,0.048051544,-0.036513168,-0.053223188,0.036281833,-0.52323835,-0.015207843,-0.090120566,0.098617843,-0.41728751,-0.26921689,-0.1603204,-0.14375399,-0.058923313,-0.026930176,-0.37564796,-0.51122527,-0.32166769,-0.12976783,-0.18882187,-0.12976783,-0.18882187,-0.13289531,0.041305827,-0.1528897,-0.39333167,-0.44940306,-0.52104644
10,2,0.2627822,-0.020258146,-0.12287542,-0.1721071,-0.015085543,-0.093906009,0.92892892,0.11222017,0.015663642,-0.96864245,-0.94419454,-0.90304147,0.12672,0.0071823523,-0.040710583,-0.21708846,-0.1825741,-0.63050853,0.11465253,-0.099795266,0.093640894,-0.31494997,0.023183834,-0.33727807,-0.1614621,0.015478329,-0.055045522,-0.43667405,-0.60735441,-0.48406595,-0.034373335,-0.2237998,-0.034373335,-0.2237998,-0.27068311,-0.22719791,0.055245223,-0.15617127,-0.53626025,-0.62218382
10,3,0.280869325,-0.024164896499999998,-0.115057955,0.304382435,0.0303096565,-0.185927935,0.9397020650000001,-0.069568089,0.047792388500000005,-0.948305505,-0.9469034000000001,-0.9192003550000001,0.1142692145,0.023428335,0.0117052918,0.21846649,-0.07761506800000001,-0.33096905,-0.178743465,-0.0784026495,0.085870615,-0.3116772,-0.314761125,-0.050463607,-0.0364256815,-0.074469391,-0.08950216050000001,-0.421754885,-0.46048147,-0.24910229500000003,0.238846575,0.14724992,0.238846575,0.14724992,0.038192831499999996,0.10828767,-0.035167534,-0.29260569000000003,-0.39873800000000004,-0.509906855
10,4,0.27758957500000003,-0.016778824499999997,-0.107028245,-0.99614233,-0.98735259,-0.99099092,0.68627348,-0.155400935,0.253704715,-0.9971379650000001,-0.994240965,-0.9945913799999999,0.0760485725,0.010385021500000001,-0.0017400297,-0.994605925,-0.9904408600000001,-0.99223528,-0.0277436135,-0.074013152,0.086893338,-0.9974733499999999,-0.99539966,-0.985867155,-0.097823522,-0.039999534,-0.055360628,-0.99700842,-0.9972555999999999,-0.995868505,-0.9945666799999999,-0.9932839849999999,-0.9945666799999999,-0.9932839849999999,-0.9935915550000001,-0.9947834200000001,-0.992099925,-0.993591325,-0.9976750649999999,-0.99798999
10,5,0.277687915,-0.0172570525,-0.11105989999999999,-0.989529175,-0.9485339100000001,-0.972838125,0.9600654399999999,-0.19258314999999998,0.0662856255,-0.99665881,-0.9831973,-0.9757475099999999,0.0753834795,0.012616591,-0.0015772661500000002,-0.982853945,-0.962966005,-0.987685775,-0.026868167499999998,-0.0740922035,0.090019921,-0.94861967,-0.976267515,-0.968925965,-0.099409142,-0.0399171065,-0.0546515875,-0.972667975,-0.9887849049999999,-0.9822491600000001,-0.9720903249999999,-0.97389563,-0.9720903249999999,-0.97389563,-0.9801516299999999,-0.979587355,-0.950201585,-0.94276726,-0.983846635,-0.98489745
10,6,0.276443125,-0.017202759999999997,-0.10902722,-0.9851035100000001,-0.9779899299999999,-0.984432295,-0.426469535,0.23721630999999999,0.29477537499999995,-0.99021609,-0.995752695,-0.99042745,0.07532454350000001,0.0114152415,-0.000371236935,-0.98325951,-0.9840681950000001,-0.9881605,-0.027888086,-0.07313173349999999,0.08734850999999999,-0.98531439,-0.968312785,-0.98592337,-0.09826169600000001,-0.040180350000000004,-0.05443763,-0.984217705,-0.9704039,-0.991036375,-0.98179534,-0.9837282599999999,-0.98179534,-0.9837282599999999,-0.986080325,-0.986579635,-0.9720985,-0.969164265,-0.97632256,-0.972933155
11,1,0.26551623,-0.015628252,-0.10773083,-0.41653227,-0.05223673,-0.54695202,0.94684673,-0.21301552,0.104419,-0.98416224,-0.97186671,-0.97072192,0.11599883,0.018508084,-0.0064832895,-0.42732135,-0.16056659,-0.73087006,-0.038029095,-0.082332544,0.10302524,-0.59199476,-0.50314904,-0.43378641,-0.096611484,-0.044974426,-0.025615448,-0.53772667,-0.73350659,-0.55350097,-0.27995679,-0.48878055,-0.27995679,-0.48878055,-0.40438535,-0.40223061,-0.43177216,-0.5668065,-0.6241167,-0.75541661
11,2,0.26825127,-0.02283303,-0.10055037,-0.23944347,-0.106442975,-0.20145964,0.89116095,-0.348715715,0.134810995,-0.9612326,-0.959154335,-0.920298695,0.082395047,-0.0335660605,-0.01176289585,-0.462522815,-0.43720861499999997,-0.788523635,-0.00921815955,-0.058257166,0.0578135575,-0.48085250999999996,-0.266812135,-0.69136937,-0.08057863600000001,-0.049188343,-0.0360296705,-0.66118313,-0.8182315849999999,-0.77836281,-0.13114571,-0.28952314,-0.13114571,-0.28952314,-0.50636809,-0.503473225,-0.243499875,-0.376776235,-0.75996988,-0.806821965
11,3,0.29316116000000003,-0.0222445975,-0.11178918,0.164177245,0.0734831725,-0.335260735,0.94299089,-0.200902985,0.1126954,-0.95673172,-0.931471975,-0.9299858400000001,0.0697808435,0.041746252,-0.071245532,-0.08079477700000001,-0.128484735,-0.576903845,-0.195900385,-0.02224038285,0.0440261995,-0.36883905,-0.49949282500000003,-0.33224078,0.0188137455,-0.0389773815,-0.0647883365,-0.526573485,-0.689712685,-0.491969455,0.13283694499999998,0.054177439,0.13283694499999998,0.054177439,-0.19494344000000002,-0.13963692500000002,-0.20868166500000002,-0.40987246,-0.5975213,-0.68207117
11,4,0.2770158,-0.016978725,-0.10763811,-0.99264578,-0.97097725,-0.98313287,0.82026407,0.33372255,0.18179121,-0.99611316,-0.98856976,-0.99347792,0.075517325,0.013741629,0.0011349756,-0.99053932,-0.98192464,-0.98807096,-0.027798759,-0.072108414,0.08610857,-0.99140988,-0.98839118,-0.96372578,-0.097421841,-0.041049023,-0.054680877,-0.99435319,-0.99322179,-0.99157157,-0.98286928,-0.98020685,-0.98286928,-0.98020685,-0.9902846,-0.98826982,-0.97830087,-0.97226244,-0.99471444,-0.99364215
11,5,0.27750302,-0.017135346,-0.10849126,-0.99684216,-0.97474933,-0.98960777,0.96431901,-0.17370697,0.079721506,-0.99748198,-0.99068013,-0.99282947,0.076213678,0.012983581,-0.0016584982,-0.99453691,-0.98324182,-0.99100472,-0.027899996,-0.07441608,0.087419159,-0.98754125,-0.99604742,-0.98739114,-0.098344989,-0.040434638,-0.054868313,-0.98888043,-0.9967522,-0.99237979,-0.98975098,-0.99011354,-0.98975098,-0.99011354,-0.99040165,-0.99289916,-0.98856491,-0.98806979,-0.99435231,-0.99488149
11,6,0.2775705,-0.017091002,-0.10888497,-0.99516511,-0.99217394,-0.98942017,-0.12991714,0.94277314,0.16496946,-0.99639268,-0.99810935,-0.99426471,0.07587202,0.011397817,0.00052457509,-0.99389829,-0.98808165,-0.99073093,-0.027835595,-0.074014124,0.086290844,-0.99389838,-0.99765929,-0.98998216,-0.099266493,-0.041005508,-0.055085162,-0.99693263,-0.99847815,-0.99464916,-0.99347005,-0.99393043,-0.99347005,-0.99393043,-0.99334805,-0.99348982,-0.9877816,-0.99001794,-0.99800965,-0.99851264
12,1,0.277142965,-0.015406348,-0.099091121,-0.124676805,-0.10375215600000001,-0.349846995,0.9666086199999999,-0.15603341999999998,-0.033300634,-0.9808804099999999,-0.968902895,-0.96116241,0.0576755995,0.00652983704,0.0015940767500000003,-0.037255275000000004,-0.09959065650000001,-0.502192015,-0.037301591999999995,-0.057150206499999995,0.094376302,-0.546915385,-0.464516605,-0.259587,-0.070655143,-0.031565292,-0.020198769999999998,-0.39205971,-0.58721201,-0.478574405,-0.091949672,-0.23776481500000002,-0.091949672,-0.23776481500000002,-0.14248893499999998,-0.036570339,-0.380630495,-0.421089535,-0.528123805,-0.56050614
12,2,0.27815465,-0.0228877295,-0.10902363500000001,-0.292543825,-0.12792937000000001,-0.440435665,0.93644672,-0.25430767,-0.126959705,-0.96900512,-0.9507161749999999,-0.95101415,0.048605922999999995,0.0057518426,0.0133146045,-0.36784992,-0.349802245,-0.722660745,-0.0412673765,-0.0555399565,0.0753749975,-0.56308854,-0.52614121,-0.285138055,-0.072960196,-0.0263382845,-0.035715571,-0.57464889,-0.7615588550000001,-0.61110937,-0.240360705,-0.28742149,-0.240360705,-0.28742149,-0.428616995,-0.336755535,-0.334996635,-0.551571295,-0.6705556500000001,-0.71305701
12,3,0.281394195,-0.019137295999999998,-0.10634111,0.047578384,0.0290063345,-0.422471815,0.95332337,-0.173850655,-0.053335752,-0.9612068149999999,-0.94290228,-0.9380458899999999,0.044444103,-0.09136939799999999,0.00440814195,0.013640076499999999,0.011718334,-0.50264577,-0.18471052,-0.00041764350000000005,0.0874891965,-0.38743791,-0.4644584,-0.34833108,-0.05057598,-0.048195288,-0.057721121,-0.310401485,-0.511563175,-0.42342208000000003,-0.0219883715,0.0935079335,-0.0219883715,0.0935079335,-0.11639534,0.041992454,-0.22317459,-0.334106605,-0.45255733,-0.50586268
12,4,0.27718902,-0.015001701,-0.10844646,-0.98985922,-0.95867326,-0.95952227,0.97209732,0.0010740316,0.052939575,-0.99379894,-0.98616776,-0.97343057,0.076019993,0.012956045,0.00097755034,-0.98302669,-0.97317031,-0.98380891,-0.028902033,-0.07545293,0.086191395,-0.98303497,-0.97170771,-0.9626896,-0.096657507,-0.040752823,-0.05352399,-0.98285845,-0.98410893,-0.98089038,-0.96901373,-0.96955781,-0.96901373,-0.96955781,-0.98186216,-0.98262345,-0.9708525,-0.96510991,-0.98575293,-0.9865086
12,5,0.27753804,-0.016703523,-0.10916899,-0.99100943,-0.95092488,-0.96314923,0.95934463,-0.22176002,-0.01296315,-0.99575816,-0.98353557,-0.97153676,0.075689331,0.01322688,0.00053685714,-0.98621723,-0.97403384,-0.98156643,-0.02710608,-0.072920524,0.087050379,-0.94864618,-0.97436999,-0.96493594,-0.097024776,-0.040046569,-0.052390785,-0.9726247,-0.9871942,-0.98344991,-0.97188785,-0.96672219,-0.97188785,-0.96672219,-0.98277289,-0.98082014,-0.94332155,-0.91787396,-0.98735281,-0.98043347
12,6,0.275015815,-0.0169303845,-0.10944215,-0.967730395,-0.96992424,-0.9682752649999999,-0.35975700499999996,0.96114022,-0.09463274199999999,-0.97057479,-0.9919921,-0.98165031,0.07677096150000001,0.012507449,-0.00178139555,-0.9761647250000001,-0.97086762,-0.97995388,-0.027676917000000002,-0.07725823600000001,0.087052135,-0.97880702,-0.9645279099999999,-0.967963125,-0.09892691049999999,-0.039760146499999996,-0.0566585975,-0.9786411049999999,-0.9787569,-0.979512575,-0.962561385,-0.96844606,-0.962561385,-0.96844606,-0.9792808550000001,-0.974634795,-0.968374865,-0.9602678149999999,-0.980019685,-0.97640644
13,1,0.27433354,-0.019673053,-0.1172607,-0.34836408,0.085280385,-0.16706745,0.91024679,-0.27288818,-0.25401013,-0.97802698,-0.97347474,-0.95749733,0.082896779,-0.015231555,-0.0011300953,-0.25090499,0.0038839311,-0.33836934,-0.033153436,-0.082340005,0.092216686,-0.4414534,-0.25445866,-0.36735892,-0.089371549,-0.035390966,-0.036254161,-0.24445317,-0.24133351,-0.41421929,-0.14102208,-0.29859796,-0.14102208,-0.29859796,-0.14535767,-0.12722076,-0.23008025,-0.27496164,-0.31701623,-0.31836703
13,2,0.25917503,-0.020752164,-0.12447099,-0.28705422,0.091587027,-0.18797177,0.85597765,-0.34421729,-0.32662768,-0.96583801,-0.92807252,-0.92653453,0.048770455,-0.004107476,-0.0029142235,-0.49637022,-0.3930921,-0.67400476,-0.08315336,0.011052828,0.058601146,-0.53519777,-0.40153426,-0.21533328,-0.063650426,-0.032143493,-0.068486243,-0.64247189,-0.68178003,-0.63306713,-0.098403351,-0.32714433,-0.098403351,-0.32714433,-0.4435347,-0.45505714,-0.23953948,-0.44465794,-0.63814441,-0.67687583
13,3,0.29203873,-0.015191303,-0.099992988,-0.079427804,-0.046678897,-0.16165764,0.94205153,-0.20861164,-0.16847488,-0.96069337,-0.93874476,-0.91234243,0.081576425,0.041758082,-0.045280924,-0.056329797,-0.17782118,-0.32950106,-0.11781569,-0.048016598,0.08598668,-0.3826824,-0.24076349,-0.31774767,-0.10863493,-0.10039648,-0.082193887,-0.49421427,-0.30337535,-0.44857815,-0.031955538,-0.0053226517,-0.031955538,-0.0053226517,-0.1179863,-0.026937189,-0.11978545,-0.23743647,-0.34672236,-0.31364346
13,4,0.27804531,-0.014777913,-0.10791508,-0.99669225,-0.98202331,-0.98429571,0.96125481,0.051231523,0.046766268,-0.99732584,-0.98958006,-0.98902229,0.075303956,0.010583197,-0.0028568947,-0.99520633,-0.98807046,-0.98932139,-0.027886965,-0.075216909,0.087321956,-0.9937116,-0.98778003,-0.9810146,-0.098542826,-0.039947504,-0.054383993,-0.99425303,-0.99352828,-0.99234858,-0.98704655,-0.98802947,-0.98704655,-0.98802947,-0.9918347,-0.99261661,-0.98347933,-0.98319973,-0.99444353,-0.99419205
13,5,0.27645357,-0.017620006,-0.11064506,-0.99477693,-0.965355,-0.97745531,0.94602403,-0.23366687,0.034988456,-0.99643984,-0.98262605,-0.9817682,0.075927795,0.0092555247,0.00019835401,-0.99344952,-0.98422234,-0.99071127,-0.027924464,-0.075849213,0.0890541,-0.9759856,-0.98131568,-0.98146663,-0.097186094,-0.040927956,-0.053799278,-0.98879537,-0.98786539,-0.99033879,-0.98055164,-0.98510852,-0.98055164,-0.98510852,-0.99081212,-0.99257071,-0.97293116,-0.97459369,-0.98959214,-0.99013097
13,6,0.27501253999999997,-0.0173581815,-0.10740106499999999,-0.976172275,-0.95549219,-0.960318335,-0.13530605,0.464685825,0.84831388,-0.98242874,-0.9879487499999999,-0.981529325,0.07564895499999999,0.0128849705,-0.0014175505,-0.98976575,-0.9883358250000001,-0.987858945,-0.027411969,-0.075813067,0.085002308,-0.9764638050000001,-0.96880834,-0.985523665,-0.098873881,-0.039552133,-0.0543933905,-0.991955285,-0.9825798299999999,-0.993967855,-0.9684394300000001,-0.9685230650000001,-0.9684394300000001,-0.9685230650000001,-0.9901357550000001,-0.9902951600000001,-0.96828163,-0.972368125,-0.988567815,-0.98305507
14,1,0.2643551,-0.019306755,-0.11318077,-0.38849316,-0.061008602,0.042685324,0.81990134,-0.27521005,-0.40772947,-0.97825399,-0.96567638,-0.95128547,0.075402896,0.026602721,0.01880813,-0.4391198,-0.34381648,-0.46662704,-0.029945177,-0.086025167,0.081427686,-0.5977123,0.00036693655,-0.1307471,-0.13017476,-0.043586139,-0.016228623,-0.56646729,-0.53809568,-0.49774025,-0.13309746,-0.35798019,-0.13309746,-0.35798019,-0.36755644,-0.43513764,-0.14372613,-0.21111744,-0.51645243,-0.60673888
14,2,0.26387826000000003,-0.014978168,-0.10619804,-0.30186512499999996,0.313487065,0.5967850100000001,0.6974438199999999,-0.324139795,-0.48624048,-0.9383537200000001,-0.919935545,-0.8845474799999999,0.0677086705,-0.032143682,-0.025992389,-0.37903971000000003,-0.35382567499999995,-0.350720885,0.0768075365,-0.14316847,-0.11791354500000001,-0.462714215,0.484850565,0.533401885,-0.11448665499999999,-0.0063487125,0.041949994000000004,-0.6513331899999999,-0.40745680500000003,-0.35338053,0.134032185,-0.0260108685,0.134032185,-0.0260108685,-0.289032085,-0.34515779,0.36634313,0.27019366,-0.41942577000000003,-0.525939885
14,3,0.2852345,-0.016799522,-0.097055875,-0.0067600328,0.33886274,0.4301827,0.82086427,-0.26351522,-0.38318881,-0.91913412,-0.92991979,-0.89405782,-0.013836966,-0.025259496,0.048567572,-0.00095018372,0.14868678,-0.1904147,-0.058613596,-0.0021054907,0.039921482,-0.29982605,0.014736703,0.33280447,-0.092716207,-0.068198988,-0.086751705,-0.56460676,-0.31554757,0.064192024,0.17486944,0.41766576,0.17486944,0.41766576,0.0015688943,0.18368374,0.16113403,-0.066541792,-0.28563805,-0.28608893
14,4,0.27778168999999997,-0.015037314,-0.108572155,-0.9895029399999999,-0.9664318700000001,-0.9654008000000001,0.960946855,-0.051016231999999995,-0.13777636,-0.99644888,-0.987182435,-0.983084105,0.076409439,0.0099050071,-0.0023432811500000003,-0.98882313,-0.98301602,-0.982177945,-0.0279052865,-0.075443814,0.0881864205,-0.99139044,-0.9768288199999999,-0.97781892,-0.097632807,-0.040915194,-0.055057445499999996,-0.9934469450000001,-0.9914209350000001,-0.9897983100000001,-0.9753885600000001,-0.97275383,-0.9753885600000001,-0.97275383,-0.984592795,-0.9825697950000001,-0.97359329,-0.9750559999999999,-0.99221974,-0.991961235
14,5,0.276198815,-0.017380774,-0.10912921,-0.98595134,-0.9472859650000001,-0.958103835,0.8637725700000001,-0.225190395,-0.35325500499999996,-0.988793025,-0.9831126299999999,-0.97386645,0.07547850950000001,0.0097764208,0.0002429035045,-0.987170885,-0.9789848400000001,-0.9850536649999999,-0.026096679499999997,-0.075137754,0.086298105,-0.969668365,-0.9709988199999999,-0.9648051049999999,-0.0990447225,-0.0409252315,-0.0547841845,-0.98325694,-0.98698476,-0.98394657,-0.965376495,-0.963153425,-0.965376495,-0.963153425,-0.984571875,-0.98705749,-0.970252955,-0.9617723300000001,-0.987919795,-0.984232475
14,6,0.28360396,-0.018967112,-0.10891282,-0.97144792,-0.96032114,-0.9571906,-0.15184675,0.48616178,0.84202069,-0.97416319,-0.98476709,-0.98074783,0.07613221,0.011351716,-0.00017146982,-0.98709281,-0.98287165,-0.98517224,-0.026376263,-0.080542259,0.086241542,-0.96807425,-0.95673437,-0.97685325,-0.10092836,-0.037276205,-0.05540523,-0.98681087,-0.98798519,-0.99243144,-0.96399274,-0.95993263,-0.96399274,-0.95993263,-0.98572754,-0.98959155,-0.95928785,-0.95010347,-0.98979723,-0.98971694
15,1,0.27776142,-0.015376008,-0.106327075,-0.324545985,0.142453215,-0.50716276,0.94956268,-0.233268435,0.078828203,-0.9797562200000001,-0.9751919499999999,-0.963470635,0.14947713,0.024907980500000003,0.0232664575,-0.387843145,-0.0149588685,-0.69807774,-0.034449608,-0.0791606695,0.09107751750000001,-0.32272462,-0.55013998,-0.44301943,-0.072627351,-0.0648165855,-0.05788728,-0.261972425,-0.74530534,-0.601994385,-0.182948485,-0.334567,-0.182948485,-0.334567,-0.30662289499999995,-0.296899095,-0.231476105,-0.430937485,-0.54101458,-0.63743314
15,2,0.270597285,-0.022305314,-0.11649408,-0.0331562775,-0.00259760232,-0.43260618500000003,0.91659845,-0.32127263,0.08479200749999999,-0.965274145,-0.947264635,-0.9480052299999999,0.08425256049999999,-0.0293410335,0.0483578125,-0.19435224499999998,-0.325489395,-0.75309934,0.1190677445,-0.20976646999999998,0.093742629,-0.43993407,-0.34814556,-0.47959245500000003,-0.15203846,-0.047608329000000005,-0.103883595,-0.51908752,-0.7741023650000001,-0.6575798749999999,-0.00617068445,-0.133446725,-0.00617068445,-0.133446725,-0.33035725,-0.31144335,-0.19742146,-0.24864734500000002,-0.664512075,-0.75055289
15,3,0.270314775,-0.00770905725,-0.11481256000000001,0.40773766499999997,0.20383678500000002,-0.27952583,0.93402457,-0.163331365,0.091829128,-0.9433628700000001,-0.932964175,-0.9397219450000001,0.084826993,0.0398206545,0.01177344,0.111246475,0.01028891055,-0.42274946999999996,-0.0902531345,-0.030509473500000002,0.058610438,-0.34756596500000003,-0.37427507000000004,-0.26320734,-0.029126533000000003,-0.033683601,-0.017308113,-0.46615273999999995,-0.57086527,-0.38654038,0.33216642,0.339129295,0.33216642,0.339129295,-0.0374145645,0.139467625,-0.128480445,-0.273116915,-0.52452341,-0.5638160050000001
15,4,0.27710898,-0.016904565,-0.11132951,-0.99466367,-0.98003685,-0.98109882,0.95169108,0.12869657,-0.012631839,-0.99625601,-0.99147867,-0.98464224,0.076162628,0.010790773,-0.00068476275,-0.99305104,-0.98458607,-0.98904534,-0.02777498,-0.074413639,0.087234121,-0.99488646,-0.98692276,-0.98703354,-0.09799605,-0.040624708,-0.055179462,-0.99685985,-0.99504812,-0.99336491,-0.98794067,-0.98729559,-0.98794067,-0.98729559,-0.99059191,-0.99127671,-0.98900488,-0.98247521,-0.99645397,-0.9958831
15,5,0.27728965,-0.019743196,-0.10891258,-0.99580082,-0.96429791,-0.98218363,0.96264233,-0.1512014,0.056466946,-0.99686651,-0.98383626,-0.98539054,0.076105648,0.0096646351,0.0017743149,-0.99311476,-0.97741094,-0.99055128,-0.028021643,-0.074499057,0.085027358,-0.97741401,-0.98943128,-0.97827486,-0.10022471,-0.040270688,-0.055012824,-0.98241294,-0.99580759,-0.99018686,-0.98296122,-0.98025412,-0.98296122,-0.98025412,-0.98813607,-0.9890126,-0.97664647,-0.97139994,-0.99165942,-0.9921161
15,6,0.275922675,-0.017130470000000002,-0.110698655,-0.990177525,-0.987989955,-0.9750935949999999,-0.14594010000000002,0.901313795,-0.31386807,-0.9892207749999999,-0.9961183149999999,-0.981921075,0.0769071125,0.012296027000000001,-0.003198582,-0.99089388,-0.986943315,-0.988532855,-0.028037422,-0.07319615800000001,0.085743337,-0.984865875,-0.98064475,-0.986207125,-0.099245837,-0.0403295175,-0.0550899265,-0.9896252249999999,-0.993212955,-0.99224695,-0.985116635,-0.9837192349999999,-0.985116635,-0.9837192349999999,-0.990315515,-0.990055295,-0.9812305699999999,-0.974904865,-0.99276176,-0.98990744
16,1,0.26777634,-0.019499321,-0.11133949,-0.39415859,-0.31890225,-0.16055661,0.91581387,-0.19721014,-0.24650709,-0.98560923,-0.97957525,-0.96361079,0.071564736,0.0088271532,-0.039926701,-0.40143927,-0.43221963,-0.43690453,-0.020751425,-0.068735678,0.083045436,-0.65418133,-0.60750364,-0.36272506,-0.12548958,-0.034440222,-0.056928632,-0.67767977,-0.70864431,-0.57183923,-0.24213817,-0.46765173,-0.24213817,-0.46765173,-0.37069918,-0.39978741,-0.48449929,-0.65937061,-0.66506161,-0.71764897
16,2,0.26211586,-0.017301965,-0.11292696,-0.39315534,-0.15308324,-0.14574355,0.82700234,-0.27959047,-0.38479004,-0.9682114,-0.94988814,-0.94092767,0.062244493,0.0072398959,0.032971238,-0.53207208,-0.42624541,-0.62567592,0.081213127,-0.016081277,-0.035930855,-0.50020624,-0.63903602,-0.39433206,-0.14223103,-0.036910467,-0.04384309,-0.7077491,-0.77898471,-0.71994877,-0.22978254,-0.32777025,-0.22978254,-0.32777025,-0.47338447,-0.50000353,-0.29331008,-0.55070138,-0.74313318,-0.80168364
16,3,0.32048637,-0.020436641,-0.11927065,0.18514308,-0.16936322,0.023372467,0.91489762,-0.18684439,-0.22703435,-0.95713226,-0.96128199,-0.92587145,0.091333111,-0.042978481,-0.021909802,-0.13281318,-0.25363011,-0.32477911,-0.099707996,-0.05729325,0.086827514,-0.41197483,-0.52841286,-0.43602902,-0.086048125,-0.07365534,-0.08904911,-0.62772534,-0.58701427,-0.5508494,0.1722593,0.11018862,0.1722593,0.11018862,-0.14999292,-0.076817214,-0.30528523,-0.43332043,-0.58995285,-0.59795895
16,4,0.27750347,-0.016541784,-0.10516355,-0.99636478,-0.98962089,-0.98358673,0.96224383,-0.079959682,0.13710345,-0.99768536,-0.99568558,-0.9889732,0.075985545,0.011554448,-0.0011808295,-0.99478226,-0.98924442,-0.9892111,-0.027621528,-0.074483589,0.08614318,-0.99617552,-0.98922223,-0.99405069,-0.098537579,-0.040635456,-0.054586249,-0.99537087,-0.99624208,-0.99554995,-0.99235708,-0.9912172,-0.99235708,-0.9912172,-0.99180001,-0.99193587,-0.99143269,-0.98931845,-0.99682661,-0.99680413
16,5,0.2773795,-0.017152973000000002,-0.10860945,-0.995899665,-0.984443365,-0.98072528,0.946819395,0.0536098205,-0.16542641,-0.99599235,-0.992319145,-0.97960896,0.0754160555,0.0118117735,-0.000371702595,-0.994369725,-0.98897234,-0.99059834,-0.027822157,-0.075529586,0.0859333195,-0.988582515,-0.990154835,-0.9908712749999999,-0.0981786485,-0.041118612,-0.055032788,-0.9925670799999999,-0.99467029,-0.995690355,-0.986379715,-0.985674995,-0.986379715,-0.985674995,-0.992167515,-0.992591265,-0.9857799300000001,-0.986064305,-0.99517466,-0.9953544
16,6,0.2779397,-0.0156763105,-0.109430475,-0.983989805,-0.9592204449999999,-0.979188095,-0.1940672,-0.01265993999999998,0.89201527,-0.9793446349999999,-0.98234675,-0.9845731799999999,0.0761225575,0.011851633,-0.002636387,-0.990432905,-0.988342665,-0.99071833,-0.0280428635,-0.0752065505,0.08654418650000001,-0.983057425,-0.97691147,-0.9916825549999999,-0.098565734,-0.0398993985,-0.0545494485,-0.989473855,-0.9923814449999999,-0.99613695,-0.97229563,-0.97464491,-0.97229563,-0.97464491,-0.99108877,-0.993045945,-0.980268975,-0.981669515,-0.9938112100000001,-0.99232721
17,1,0.26988257,-0.016465953,-0.1139442,-0.32424709,-0.016035843,-0.25149426,0.93091738,-0.086194247,-0.22611463,-0.98169085,-0.97621866,-0.9622364,0.074939473,0.0049475915,0.028697939,-0.35205683,-0.094876852,-0.5257376,-0.033200594,-0.073321305,0.087995225,-0.50419128,-0.45700148,-0.39055829,-0.096704994,-0.052792267,-0.040417128,-0.44783263,-0.55143873,-0.52965922,-0.15006348,-0.46661845,-0.15006348,-0.46661845,-0.29775191,-0.27368421,-0.33808939,-0.54622323,-0.50785239,-0.55442431
17,2,0.241846355,-0.02684643,-0.12268154,-0.049438272,-0.0084968917,-0.23697136,0.84638742,-0.274784245,-0.27522778999999997,-0.9631234799999999,-0.9209939549999999,-0.95170387,0.01862499705,0.036406626,-0.003996820850000001,-0.289478185,-0.366436795,-0.65791945,-0.02711801235,-0.0721359885,0.011221122299999999,-0.52426366,-0.509734395,-0.25219161,-0.13962302,-0.04716758,-0.01386249441,-0.610475425,-0.684410085,-0.6077863649999999,-0.0132660605,-0.10301456,-0.0132660605,-0.10301456,-0.36311211,-0.39053778,-0.24692305,-0.448623165,-0.6470332050000001,-0.696628775
17,3,0.288222555,-0.0156399755,-0.10213760499999999,0.19405804,-0.022741927500000002,-0.26927348,0.93620262,-0.14915269,-0.17674908,-0.9566083350000001,-0.951019415,-0.928358775,0.129145585,-0.004689633235,0.0280921585,-0.13457887,-0.325289485,-0.560823635,0.01685103055,-0.09503380750000001,0.055550005,-0.414788545,-0.464018535,-0.46512062,-0.10474452149999999,-0.0590870295,-0.0461564255,-0.532653145,-0.62199483,-0.544949155,0.15725797,0.073456257,0.15725797,0.073456257,-0.24062166499999998,-0.245133555,-0.221735595,-0.34561319,-0.55507979,-0.633145425
17,4,0.27749694999999996,-0.016936927499999997,-0.11056379499999999,-0.9974826800000001,-0.9888875349999999,-0.984645295,0.96303334,-0.0216714255,-0.105670035,-0.996881695,-0.9893235650000001,-0.97798731,0.0761115025,0.0105613525,0.0013741213,-0.9964170649999999,-0.992211125,-0.992742215,-0.027779087,-0.0735225195,0.0863433275,-0.99713129,-0.993766835,-0.993961235,-0.0981449355,-0.0404513315,-0.0543999525,-0.997507455,-0.99815948,-0.99658764,-0.9896660399999999,-0.9888442900000001,-0.9896660399999999,-0.9888442900000001,-0.99480324,-0.99571301,-0.9940194,-0.993907125,-0.99848956,-0.99891218
17,5,0.276385055,-0.017511592,-0.10990506,-0.99598413,-0.982323445,-0.98387788,0.9080066499999999,-0.20802292,-0.27538371,-0.994224675,-0.98631982,-0.983207435,0.07606164600000001,0.0107342405,-0.0013543046,-0.9954001,-0.9904701300000001,-0.9926930599999999,-0.0280907715,-0.075395404,0.08693546199999999,-0.9912307250000001,-0.992329725,-0.9920448749999999,-0.09966336149999999,-0.0405093415,-0.054683064,-0.99555042,-0.9969209,-0.9957200399999999,-0.987283425,-0.98989053,-0.987283425,-0.98989053,-0.99404841,-0.995271705,-0.98823443,-0.99081323,-0.996836235,-0.99773599
17,6,0.27573948,-0.017652951,-0.10807387,-0.99218164,-0.97209906,-0.97398018,-0.20731142,0.69549567,0.65906516,-0.98670995,-0.97743706,-0.96808447,0.076112617,0.014558928,-0.0052369633,-0.991279,-0.99024916,-0.98989954,-0.027983914,-0.07545345,0.086604636,-0.99032551,-0.98952046,-0.99436425,-0.098061695,-0.040055111,-0.055069523,-0.99253848,-0.99444344,-0.99703859,-0.97114911,-0.97838401,-0.97114911,-0.97838401,-0.99134213,-0.99274417,-0.98430018,-0.98679765,-0.99505354,-0.99575132
18,1,0.276139695,-0.019446004,-0.11050006000000001,-0.37689995,-0.23605289000000002,-0.49866040500000003,0.940166355,-0.25449892,0.07874230900000001,-0.983790845,-0.98208148,-0.97584662,0.114308765,0.065499726,-0.0076561355,-0.372204425,-0.3225101,-0.66323135,-0.029868638,-0.07777568700000001,0.094790301,-0.713770815,-0.49276901,-0.51572856,-0.09821734,-0.067931032,-0.0437511695,-0.583839105,-0.722062035,-0.6687171599999999,-0.290186485,-0.462567585,-0.290186485,-0.462567585,-0.38349138,-0.426645845,-0.49749772000000003,-0.61024208,-0.634704715,-0.73322059
18,2,0.2813948,-0.0213906605,-0.10185408500000001,-0.384057895,-0.212919185,-0.33430467500000005,0.89321242,-0.316637545,-0.094164545,-0.96653854,-0.95307736,-0.93192293,0.07108080650000001,0.0127549725,0.0081420735,-0.561788525,-0.568781,-0.760021305,-0.051160498,-0.0848259925,0.070581807,-0.64454959,-0.52356739,-0.45451456,-0.054730729500000005,-0.0363855145,-0.0831215575,-0.771201865,-0.8234577750000001,-0.7173553349999999,-0.282111595,-0.37165847,-0.282111595,-0.37165847,-0.5976781099999999,-0.577286685,-0.35823977500000004,-0.555983245,-0.7832009799999999,-0.837959465
18,3,0.28331998,-0.018503285,-0.10570669,-0.30178979,-0.26998147,-0.41188281,0.93117918,-0.22720279,0.085127813,-0.96599779,-0.93697416,-0.92713846,0.081608968,-0.010752084,-0.020780076,-0.38977146,-0.46216587,-0.65788719,-0.080588857,-0.057757113,0.090461122,-0.55874591,-0.62259962,-0.4796408,-0.091710032,-0.060389364,-0.059439418,-0.68187296,-0.77031205,-0.61273227,-0.29632833,-0.23164425,-0.29632833,-0.23164425,-0.46962651,-0.4003843,-0.38885421,-0.58655525,-0.69828158,-0.77538997
18,4,0.2775731,-0.0157962,-0.10881977,-0.99599656,-0.98758228,-0.98726026,0.94072469,0.087026391,0.20390757,-0.9975586,-0.99460291,-0.9918128,0.076097028,0.0094483455,0.00043457772,-0.99367576,-0.98682567,-0.99100979,-0.027716361,-0.074207713,0.087015718,-0.99584454,-0.99183254,-0.99243835,-0.097627272,-0.041180734,-0.055588389,-0.99586662,-0.99587483,-0.99472948,-0.99312515,-0.9927356,-0.99312515,-0.9927356,-0.99154272,-0.99371481,-0.99302877,-0.99288837,-0.99629664,-0.99708637
18,5,0.27816633,-0.016397819,-0.10696917,-0.99493118,-0.96440332,-0.97380861,0.95586286,-0.2125666,0.052246638,-0.99690048,-0.9857795,-0.98095865,0.075454447,0.010374072,-0.00095398846,-0.99214891,-0.98306298,-0.98930993,-0.027516417,-0.0744976,0.086863453,-0.97514832,-0.98439704,-0.97873286,-0.098321369,-0.039894649,-0.054767924,-0.98928673,-0.99333708,-0.98864535,-0.9772184,-0.97960409,-0.9772184,-0.97960409,-0.98847011,-0.99045952,-0.97508957,-0.96802417,-0.99162686,-0.99255168
18,6,0.27773845,-0.01739076,-0.10794926,-0.98601853,-0.98898584,-0.98921472,-0.21858536,0.53812917,0.83897572,-0.98906604,-0.99652355,-0.9928648,0.076127676,0.010506249,-0.0022380696,-0.98811565,-0.98738377,-0.99098713,-0.027449549,-0.074015729,0.086100067,-0.99555929,-0.98548096,-0.99193319,-0.098489735,-0.040711793,-0.054232217,-0.99705374,-0.99172939,-0.99373131,-0.98702201,-0.99042501,-0.98702201,-0.99042501,-0.99063922,-0.9918499,-0.98811372,-0.98852464,-0.9940491,-0.9933721
19,1,0.27546336,-0.014784003,-0.123641575,-0.043749395499999996,0.194395115,-0.172310985,0.9355684550000001,-0.23713091,-0.044527362,-0.97444076,-0.966233195,-0.9552716649999999,0.0584023235,-0.0246045805,-0.035573858,0.127519445,0.08908292300000001,-0.198563455,-0.024816577,-0.0781148995,0.079498343,-0.051759077,-0.186708175,-0.094530509,-0.07955316500000001,-0.037337799000000005,-0.0702963425,0.086160489,-0.38005690000000003,-0.204884375,0.0576157345,-0.12023397999999999,0.0576157345,-0.12023397999999999,0.117806735,0.0009151796000000001,0.0645351775,-0.052718906999999995,-0.23741025,-0.33402599499999996
19,2,0.27046145499999996,-0.0233262885,-0.14181819499999998,-0.12417375,0.144209645,-0.205031585,0.86453124,-0.38813925000000005,-0.15141631,-0.9541098299999999,-0.94416381,-0.87866389,0.11277021500000001,0.052495387000000004,0.0238573305,-0.17787649,-0.041717388,-0.46965826,0.12469277000000001,-0.14541818499999998,0.011504177,-0.44254535,-0.214417095,-0.126557705,-0.131484165,-0.06336686094999999,-0.0758779855,-0.233112225,-0.60965205,-0.39184046,0.017113102499999998,-0.180890735,0.017113102499999998,-0.180890735,-0.1372999,-0.28662827999999996,-0.056288769,-0.24815310499999998,-0.423363825,-0.51099805
19,3,0.26823055,-0.02078636,-0.12617119,0.64680853,0.50631057,-0.12544528,0.88451277,-0.21654636,-0.085861852,-0.908122,-0.92367287,-0.90777287,-0.031558719,-0.088308219,-0.043430955,0.58228593,0.3514379,-0.2314961,-0.20368662,0.004101192,0.13192213,0.22313224,-0.1340798,-0.045038633,-0.044619966,-0.0091947341,-0.041751589,0.1310246,-0.23083672,0.073106186,0.67727842,0.40256739,0.67727842,0.40256739,0.44489126,0.4576079,0.40626044,0.24564495,-0.049391192,-0.26489462
19,4,0.27646421,-0.016835252,-0.10886982,-0.98374579,-0.9687809,-0.96736981,0.75997371,0.26473326,0.44633138,-0.98834261,-0.9915951,-0.98578631,0.075668384,0.0098564627,-0.0012038179,-0.98849446,-0.98318073,-0.98898091,-0.027753878,-0.074071296,0.085809274,-0.98928795,-0.96929296,-0.97489104,-0.098546705,-0.040842568,-0.055163774,-0.9911084,-0.99032229,-0.98862914,-0.97761794,-0.97788901,-0.97761794,-0.97788901,-0.98851287,-0.98760877,-0.97456017,-0.97484539,-0.99190137,-0.99043676
19,5,0.27763685,-0.015703493,-0.10709308,-0.99444647,-0.96822179,-0.97505522,0.9396574,-0.25132919,0.12936968,-0.99632448,-0.98558786,-0.97689343,0.076013186,0.010491851,0.00062911678,-0.99176376,-0.97971382,-0.98893778,-0.027377925,-0.074779254,0.085989183,-0.97560979,-0.98421302,-0.97584104,-0.09977208,-0.040763149,-0.054101507,-0.98688694,-0.99425755,-0.99100379,-0.97827894,-0.97875309,-0.97827894,-0.97875309,-0.98959347,-0.99096392,-0.97231538,-0.96783854,-0.99144279,-0.99304183
19,6,0.27527033,-0.017489111,-0.10810032,-0.98172056,-0.98074653,-0.98851441,-0.67075647,0.69352821,0.69418975,-0.97996493,-0.9945653,-0.99407178,0.076156918,0.010512993,-0.0019140997,-0.98623808,-0.97837082,-0.99021335,-0.027657916,-0.074650143,0.087148196,-0.98642404,-0.96537127,-0.98070953,-0.098376419,-0.040429392,-0.054818594,-0.9828281,-0.98580862,-0.99007996,-0.97843102,-0.97836824,-0.97843102,-0.97836824,-0.98638937,-0.98539799,-0.96881899,-0.9661322,-0.9873814,-0.9857786
20,1,0.27175777,-0.020092456,-0.11272865,-0.20946287,0.38713005,-0.23231691,0.90177156,-0.33659416,-0.072115502,-0.97558695,-0.96871622,-0.96604039,0.059656267,-0.035158794,-0.009768697,-0.080473465,0.11986329,-0.39075585,-0.028498515,-0.075409636,0.089227521,-0.22770458,0.05320672,-0.16723929,-0.016957639,-0.042758323,-0.062216177,-0.27553178,-0.13106623,-0.30786488,0.036293095,-0.17664987,0.036293095,-0.17664987,-0.062034968,0.011395984,0.057224388,-0.047120136,-0.22015203,-0.12995424
20,2,0.24488508,-0.024854152,-0.10996804,-0.11972054,0.16183442,-0.22489237,0.77442492,-0.47909727,-0.20853059,-0.95242408,-0.93545454,-0.91671208,0.11067653,0.0038170902,-0.027975533,-0.18427265,-0.24504109,-0.52064642,0.059528187,-0.20942012,0.063251486,-0.47346935,-0.14501678,0.20523151,-0.16340061,-0.046365245,-0.017297119,-0.47799641,-0.39789564,-0.25509979,0.010140148,-0.22318414,0.010140148,-0.22318414,-0.22867537,-0.2538183,0.01472038,-0.26384891,-0.37883366,-0.44760777
20,3,0.2987442,-0.015351658,-0.10288046,0.065682637,0.5945063,-0.19754781,0.92110139,-0.28163112,0.012826314,-0.94064278,-0.92884044,-0.93105907,0.05430216,0.04721185,0.017857941,-0.18382184,0.2901214,-0.40230946,-0.13120106,0.057682153,0.097803528,-0.21900665,-0.16095527,0.1790562,-0.043254543,-0.028678813,-0.016794006,-0.2482752,-0.36313014,-0.0099063774,0.20947444,0.16937205,0.20947444,0.16937205,-0.062572298,0.033627188,0.090528112,-0.028460106,-0.28491582,-0.27473649
20,4,0.276813255,-0.016142609000000002,-0.10374087,-0.991622895,-0.9685414299999999,-0.961325625,0.92926575,0.0483246405,0.186948685,-0.9958901499999999,-0.990463505,-0.973583635,0.076190014,0.0110700405,0.000362204775,-0.99130779,-0.98313517,-0.986270855,-0.0275527075,-0.0728261545,0.0882794655,-0.985665865,-0.97212974,-0.9657322150000001,-0.09815122849999999,-0.040459136,-0.053549674,-0.990842895,-0.9899231049999999,-0.98651483,-0.9702067050000001,-0.966457235,-0.9702067050000001,-0.966457235,-0.9869090549999999,-0.9872459849999999,-0.967889,-0.956143205,-0.9891951400000001,-0.98969257
20,5,0.27746257,-0.017440874,-0.10628769,-0.98174909,-0.8942372,-0.93701105,0.94619079,-0.19931078,0.063190475,-0.99258045,-0.97311324,-0.96514051,0.075938695,0.010423912,-0.00079380417,-0.97567621,-0.95536413,-0.97472703,-0.025633427,-0.073571079,0.086041819,-0.88980896,-0.94167549,-0.94523136,-0.10077196,-0.042304548,-0.052381976,-0.94214196,-0.97538893,-0.9698426,-0.94266081,-0.92717458,-0.94266081,-0.92717458,-0.97071455,-0.96147391,-0.90868337,-0.85991515,-0.9689162,-0.95572341
20,6,0.27004031500000003,-0.0166338145,-0.10875015,-0.989014915,-0.98932693,-0.98646365,-0.509601455,0.8553630649999999,0.49559012,-0.986200575,-0.99682124,-0.99205771,0.0767011215,0.011446659500000001,8.23016015e-05,-0.990435165,-0.98546386,-0.98864988,-0.028102852999999997,-0.07759790450000001,0.085596996,-0.99123614,-0.98299063,-0.98583127,-0.097781093,-0.03883234000000001,-0.0557580175,-0.9928167699999999,-0.9853282050000001,-0.991061155,-0.987665075,-0.9879606599999999,-0.987665075,-0.9879606599999999,-0.989099975,-0.99036228,-0.985477045,-0.981468145,-0.98984228,-0.98759139
21,1,0.27679045999999996,-0.0194178765,-0.10177337,-0.32108567499999996,0.05873136550000001,-0.164151775,0.861763265,-0.37061597,-0.228816325,-0.97226743,-0.97189804,-0.9779809850000001,0.056797212,-0.059173632000000004,-0.012568712499999999,-0.1156752,-0.0430293855,-0.41833869,-0.028375552,-0.075403869,0.08348975049999999,-0.43407446,-0.39962254,-0.306355565,-0.054291821000000004,-0.0480006615,-0.0621350935,-0.25118161,-0.48104924,-0.5012059849999999,-0.13400703,-0.303246795,-0.13400703,-0.303246795,-0.143279265,-0.0962578095,-0.277582,-0.41643457,-0.428640335,-0.45323990999999997
21,2,0.27550024,-0.022455654,-0.11952046,-0.25244097,0.085925768,-0.21105355,0.7735312,-0.43503159,-0.31004133,-0.9551318,-0.94838224,-0.94243043,0.098705944,-0.027244231,-0.026243375,-0.42489464,-0.22935209,-0.57778366,0.1635303,-0.23974053,-0.019995935,-0.54574649,-0.44880992,0.067118832,-0.14236489,-0.0063344621,-0.058362331,-0.59479933,-0.60019555,-0.56569599,-0.096482549,-0.2850779,-0.096482549,-0.2850779,-0.36619536,-0.42316195,-0.16667213,-0.42314271,-0.5742184,-0.65152312
21,3,0.2629554,-0.010253383,-0.11099134,0.23588356,0.30320531,-0.063305483,0.87622641,-0.35780583,-0.18700068,-0.95146592,-0.94624161,-0.94474795,0.086871909,0.020963571,-0.021795216,0.0097601535,-0.071945486,-0.27859931,-0.14276309,0.0066587837,0.12926445,-0.44742723,-0.35692456,-0.35344099,-0.11098487,-0.070950845,-0.057981307,-0.54996214,-0.45720345,-0.42431173,0.25838827,0.26506422,0.25838827,0.26506422,-0.060908126,0.096056445,-0.20202917,-0.41487156,-0.47587691,-0.50160375
21,4,0.27736149,-0.015047428,-0.10806714,-0.99510406,-0.9845587,-0.98187317,0.96658256,-0.042360942,-0.065330176,-0.99724867,-0.99308595,-0.98573541,0.075771877,0.010660357,0.00067164491,-0.9911259,-0.98454398,-0.98815165,-0.027671704,-0.074152884,0.086625944,-0.99401138,-0.98598235,-0.98709674,-0.098476935,-0.040807054,-0.054446466,-0.99193888,-0.99167172,-0.99123665,-0.9893736,-0.98835078,-0.9893736,-0.98835078,-0.98956406,-0.99072237,-0.98859992,-0.98768254,-0.99253155,-0.99308692
21,5,0.27745004,-0.016857152,-0.10928365,-0.99127067,-0.9673819,-0.97132733,0.87845769,-0.34957489,-0.20510847,-0.99357231,-0.98912211,-0.98055249,0.076416284,0.0095895444,-0.0011346855,-0.98814529,-0.97668182,-0.98601595,-0.027298247,-0.074745995,0.086447213,-0.98116818,-0.97345215,-0.97687361,-0.098600546,-0.039493994,-0.053923997,-0.98640451,-0.98676721,-0.98643797,-0.97934346,-0.9778463,-0.97934346,-0.9778463,-0.98571943,-0.98790591,-0.9726038,-0.97007066,-0.98757245,-0.98731572
21,6,0.27279247500000003,-0.0177151375,-0.107223015,-0.9707629900000001,-0.97799051,-0.96798828,-0.19355654,0.60155562,0.792169495,-0.9729879100000001,-0.9912234099999999,-0.980930335,0.0765524645,0.010768091,-0.00332047885,-0.992075585,-0.988298,-0.9910762200000001,-0.027387816,-0.0769135145,0.08627610499999999,-0.98941406,-0.9623310650000001,-0.9946339200000001,-0.09842123550000001,-0.038848659,-0.054538497500000005,-0.9941352050000001,-0.99153676,-0.99475929,-0.970481645,-0.97141901,-0.970481645,-0.97141901,-0.9921787950000001,-0.99264253,-0.9718592850000001,-0.973829175,-0.993914475,-0.993730065
22,1,0.28050242999999997,-0.017753253,-0.108063595,-0.0081085163,0.116070275,-0.22012038,0.9361455,-0.252064135,0.025018222500000003,-0.9752713500000001,-0.9690804,-0.961228975,0.022682278,0.0391870395,0.0161724775,0.011704909,0.2271462,-0.31140683999999996,-0.015160897999999999,-0.08701621300000001,0.079359126,-0.31561906500000003,-0.499172425,-0.15851636,-0.12580559,-0.039357304,-0.0772009815,-0.21885280000000001,-0.65770277,-0.23811478,0.07512216050000001,-0.15956808500000003,0.07512216050000001,-0.15956808500000003,0.023381515999999998,0.107910165,-0.210928325,-0.39281206,-0.46337426,-0.5062936899999999
22,2,0.27434422999999997,-0.0201735055,-0.12026403999999999,0.0725589735,0.26298104499999997,-0.10224456500000001,0.895784125,-0.333655545,-0.104526944,-0.958371495,-0.958676605,-0.939089995,0.112724775,0.10028614150000001,-0.0362737625,-0.0093335667,-0.080215941,-0.4844061,0.122107719,-0.195501225,0.0497078455,-0.294306915,-0.49258518500000004,-0.16186076500000002,-0.15602970500000002,0.0004909899000000001,-0.110024974,-0.41642974499999996,-0.7072071550000001,-0.534578675,0.20564998,-0.15065807,0.20564998,-0.15065807,-0.097666364,-0.1030288755,-0.13958377,-0.21819465999999998,-0.58222222,-0.694798235
22,3,0.273916765,-0.024416189,-0.1078432,0.36070403,0.24216127,-0.32763766,0.92026929,-0.22348126499999998,0.0435015865,-0.946855065,-0.9559963149999999,-0.937171325,0.20954809000000002,-0.0071834989999999994,0.027282480999999997,0.090034116,0.016427715,-0.48182964500000003,-0.15367408500000002,-0.043140147000000004,0.052078772,-0.238801425,-0.556796145,-0.27737539499999997,-0.11880372,-0.03513306099999999,-0.0433785135,-0.26488761,-0.639946895,-0.357107275,0.339723215,0.125014715,0.339723215,0.125014715,-0.0151985595,-0.025589153,-0.1668338,-0.29144892,-0.47157388,-0.624867245
22,4,0.278655565,-0.018057538499999998,-0.10829161,-0.98660444,-0.969715885,-0.94773496,0.891924715,0.153426265,0.298680955,-0.98714826,-0.98739354,-0.965006135,0.076013582,0.010932438,-0.0007052050199999999,-0.990820865,-0.984642325,-0.9876924549999999,-0.0280623715,-0.07630991549999999,0.087460885,-0.9923443000000001,-0.970584595,-0.966155725,-0.0985143525,-0.040180898,-0.0546347485,-0.994557455,-0.991328855,-0.9920521849999999,-0.969756205,-0.967675735,-0.969756205,-0.967675735,-0.99005112,-0.99049888,-0.97358213,-0.9636482749999999,-0.9933214,-0.992673095
22,5,0.27760421,-0.017157196,-0.11048821,-0.99433738,-0.93515733,-0.95911082,0.95388119,-0.22941535,0.038064371,-0.99550138,-0.97780911,-0.97371367,0.076206645,0.0070233222,-0.0012956729,-0.99233455,-0.96939778,-0.98889107,-0.030184099,-0.075714396,0.082950988,-0.92984179,-0.97895788,-0.97176306,-0.097388359,-0.042636167,-0.053278794,-0.96447602,-0.99323235,-0.98814254,-0.96496292,-0.95973477,-0.96496292,-0.95973477,-0.98616457,-0.98262339,-0.95086098,-0.91628534,-0.98794631,-0.97856509
22,6,0.2768252,-0.017061067,-0.10917414,-0.9856997750000001,-0.977890585,-0.983539615,-0.35824831,0.7082863500000001,0.709068525,-0.9878431249999999,-0.994237145,-0.99292512,0.0760150305,0.009988370199999999,-0.0025793296,-0.98905668,-0.982942115,-0.988523365,-0.027995344999999998,-0.0760053465,0.086985106,-0.9842180700000001,-0.988350255,-0.9894832849999999,-0.098428231,-0.040400361999999995,-0.0552880575,-0.991006565,-0.995200365,-0.992456975,-0.983039935,-0.9760836399999999,-0.983039935,-0.9760836399999999,-0.9891677400000001,-0.99049264,-0.980608775,-0.978444805,-0.99441806,-0.993181085
23,1,0.26819376,-0.021252467,-0.11154609,-0.30281939,-0.12631704,0.1633969,0.9376559,-0.16306004,-0.16169305,-0.98205789,-0.9724484,-0.93958686,0.12093261,0.0036186618,0.031105687,-0.2415887,-0.06321309,-0.027929996,-0.027003226,-0.069825468,0.10052083,-0.50559565,0.25157739,-0.19485065,-0.057197039,-0.035385258,-0.11588127,-0.37213559,0.28878492,-0.36774141,-0.091717988,-0.21832427,-0.091717988,-0.21832427,-0.067164997,-0.028291714,-0.017280577,0.15299709,-0.0023000663,0.23558585
23,2,0.24971406,-0.027141326,-0.12733437,-0.24378366,0.03754198,0.083211666,0.83600992,-0.21771349,-0.3645729,-0.94797613,-0.92625783,-0.92935774,0.11229471,0.063153539,0.024664309,-0.37439441,-0.33874524,-0.41471846,0.093534328,-0.10837866,-0.063571367,-0.58791145,-0.28893804,-0.038104347,-0.15754194,-0.056380392,-0.058153243,-0.54571787,-0.48543831,-0.55227541,-0.020004778,-0.26232728,-0.020004778,-0.26232728,-0.31982336,-0.38052748,-0.17049261,-0.36923835,-0.4975363,-0.55289545
23,3,0.288880525,-0.0199938805,-0.105055755,0.054572498,0.11170264499999999,0.22564054,0.922710295,-0.11210726,-0.16389622999999998,-0.954980825,-0.94170463,-0.9287997800000001,0.14085215,0.061517604000000004,-0.0357140865,0.195396055,-0.09291456549999999,0.0236761845,-0.071624736,-0.087476782,0.091425987,-0.46326206000000003,0.18695495,-0.19041688499999998,-0.115880295,-0.052213313,-0.039085367999999995,-0.32506504,0.140014065,-0.359531645,0.1314268,0.229239715,0.1314268,0.229239715,0.121367065,0.30539222,0.024891697,0.0156606265,-0.054237138000000004,0.0413969685
23,4,0.276981575,-0.0165208825,-0.10920699,-0.994696315,-0.988431345,-0.9650950300000001,0.9618225300000001,0.083244454,-0.02180256915,-0.997233065,-0.995159885,-0.9829812499999999,0.07589847050000001,0.011771657500000001,0.00032354499499999997,-0.992735425,-0.987638025,-0.98197344,-0.0278176155,-0.074530525,0.086818486,-0.99042206,-0.97314972,-0.988820705,-0.09814095449999999,-0.040995621499999996,-0.0540142825,-0.99245864,-0.984237155,-0.99403207,-0.98222031,-0.98066835,-0.98222031,-0.98066835,-0.987878665,-0.986528055,-0.975976905,-0.971434635,-0.988590285,-0.98582359
23,5,0.27721744000000004,-0.018023118499999997,-0.10906401,-0.990782365,-0.971838885,-0.957397905,0.9318684349999999,-0.11926525499999999,-0.247344485,-0.9934906800000001,-0.98931585,-0.97232016,0.0760586065,0.0095635985,0.0005974948499999999,-0.986485735,-0.980773565,-0.981693545,-0.0286245735,-0.0712579745,0.08333736750000001,-0.971872485,-0.96990714,-0.98076192,-0.095984045,-0.040186924,-0.054678410999999996,-0.9824589850000001,-0.98124798,-0.988735145,-0.974582735,-0.97539598,-0.974582735,-0.97539598,-0.983222365,-0.98548308,-0.966019255,-0.95784466,-0.98318422,-0.98311525
23,6,0.275473255,-0.018748755,-0.10660653,-0.9682661800000001,-0.98155462,-0.9818779799999999,-0.38955463,0.441773595,0.9197143,-0.9769987,-0.9916222299999999,-0.991261925,0.075363878,0.012487141,-0.001198004345,-0.987397415,-0.990514145,-0.98663152,-0.027176438499999997,-0.0767887045,0.085660925,-0.98589318,-0.96229911,-0.996366,-0.09911610300000001,-0.0380593,-0.054490635999999995,-0.986973935,-0.982176535,-0.995998055,-0.974153965,-0.976743285,-0.974153965,-0.976743285,-0.988386435,-0.98988209,-0.97127056,-0.97070969,-0.98627318,-0.985140935
24,1,0.27710996499999996,-0.0217182945,-0.106852085,-0.469448905,-0.14807813,-0.287245645,0.959613155,-0.11406872500000001,-0.14193222500000002,-0.98451216,-0.9727496950000001,-0.9691846900000001,0.101366901,0.039063662,0.0058173059,-0.48944045,-0.2930741,-0.48025882,-0.0319933415,-0.077254143,0.0959625535,-0.59125538,-0.48910791,-0.39261143,-0.063617118,-0.0612692405,-0.07151428800000001,-0.487498165,-0.5191955850000001,-0.558163615,-0.29624411,-0.482197165,-0.29624411,-0.482197165,-0.396545065,-0.414946715,-0.408244885,-0.578019115,-0.511911065,-0.576740705
24,2,0.27438106,-0.021595924,-0.11115092,-0.35201696,-0.11281907,-0.25300526,0.90295747,-0.23615375,-0.23016634,-0.96904376,-0.92428238,-0.94800445,0.05624509,0.0052346893,0.00072944909,-0.49599637,-0.52005508,-0.53334644,0.069770388,-0.10465177,0.037693886,-0.60805203,-0.57910904,-0.27029916,-0.15286517,-0.013607234,-0.080192959,-0.6419061,-0.65561438,-0.64596454,-0.22436316,-0.30372104,-0.22436316,-0.30372104,-0.48691229,-0.44552011,-0.34655983,-0.50521137,-0.6612761,-0.64534869
24,3,0.28905798,-0.013276209,-0.10746033,-0.0680016,-0.099376862,-0.2300589,0.95040097,-0.13105213,-0.14054873,-0.96280487,-0.94496042,-0.94702802,0.075054703,-0.020360071,-0.019808785,-0.34001643,-0.17854744,-0.30711383,-0.032053828,-0.071997339,0.08891241,-0.45411723,-0.48443838,-0.49596081,-0.09957909,-0.034469605,-0.046802705,-0.3908144,-0.524955,-0.4973497,-0.07219174,-0.02321748,-0.07219174,-0.02321748,-0.27173541,-0.15081125,-0.29430861,-0.38742711,-0.50544288,-0.47053642
24,4,0.277035105,-0.015571525499999999,-0.105161035,-0.993237755,-0.97375324,-0.97314414,0.955117255,0.13507780000000003,0.050453018,-0.9961918249999999,-0.98826358,-0.9842081149999999,0.075956881,0.0099434617,-0.00160485907,-0.990212895,-0.98338145,-0.985553025,-0.027575355500000003,-0.0754260605,0.0863147265,-0.9934905350000001,-0.97987116,-0.98411409,-0.098018701,-0.040436937,-0.054007887500000004,-0.99288054,-0.9913762500000001,-0.99262708,-0.980758435,-0.979451675,-0.980758435,-0.979451675,-0.986614965,-0.987924755,-0.9841482349999999,-0.981039295,-0.9923017249999999,-0.99316409
24,5,0.27868574,-0.014232447,-0.10610254,-0.99370142,-0.95368424,-0.95739788,0.96792164,-0.14988201,-0.043356001,-0.99601012,-0.97454786,-0.96233111,0.075237393,0.013419429,5.7072941e-05,-0.98880313,-0.97810604,-0.98505547,-0.027695052,-0.074216756,0.084389477,-0.97140612,-0.98387448,-0.97814046,-0.098420471,-0.041831167,-0.052699108,-0.98762725,-0.99237111,-0.99042505,-0.96585284,-0.9717266,-0.96585284,-0.9717266,-0.98498548,-0.98694446,-0.97105062,-0.96953441,-0.99098171,-0.99277556
24,6,0.27844006,-0.0172001475,-0.107463555,-0.972397145,-0.987820665,-0.98231059,-0.35173065,0.7426032549999999,0.679196125,-0.97667013,-0.9959872000000001,-0.98875314,0.07502587150000001,0.011551190999999999,-0.0021192012000000003,-0.98947526,-0.98496848,-0.9874425250000001,-0.027524842,-0.077059639,0.086312832,-0.989778305,-0.96434954,-0.994302845,-0.099009332,-0.039150031,-0.055233866,-0.98342756,-0.9842340700000001,-0.993830845,-0.978713975,-0.98243378,-0.978713975,-0.98243378,-0.988642155,-0.990474025,-0.9728433949999999,-0.97445185,-0.9860612950000001,-0.986913135
25,1,0.282467365,-0.019802311,-0.10644648500000001,-0.60186696,-0.16482412000000002,-0.43732753,0.957197015,-0.132354675,0.10821342,-0.984414675,-0.969115795,-0.96393941,0.053392899,0.00611491675,-0.020580248000000002,-0.609068095,-0.38318914,-0.671121115,-0.028975886,-0.0745202415,0.0838142945,-0.41219114,-0.607194935,-0.55679428,-0.120670025,-0.026003941,-0.052144207,-0.505525075,-0.799977625,-0.652945165,-0.40762864,-0.569087165,-0.40762864,-0.569087165,-0.5444424750000001,-0.54463459,-0.400785595,-0.491254975,-0.6757536900000001,-0.7567005099999999
25,2,0.28776558,-0.023484333,-0.11440565,-0.45352112,-0.22851843,-0.28263814,0.92542603,-0.2147802,0.18187621,-0.95407312,-0.93932283,-0.91366561,0.045165487,0.015570329,0.0022767903,-0.65969918,-0.63485709,-0.81103729,0.10281387,-0.13042517,0.077871608,-0.53401579,-0.42873632,-0.56497096,-0.12854691,0.0058650798,-0.0019883877,-0.70377226,-0.83989199,-0.74705804,-0.31358945,-0.4768599,-0.31358945,-0.4768599,-0.68544682,-0.67390774,-0.33564629,-0.42991164,-0.78103872,-0.83059547
25,3,0.30150691500000004,-0.0191127705,-0.11191177,-0.25123011500000003,-0.14671128,-0.47270670000000004,0.912188955,-0.0684166095,0.30796665,-0.96669169,-0.946236425,-0.94812754,0.094061264,-0.010216814000000001,-0.014223866,-0.510955925,-0.3741927,-0.71518083,-0.0307183515,-0.0882862865,0.096919645,-0.29735573000000004,-0.5262019,-0.45320647000000003,-0.14787,-0.0443412885,-0.065462856,-0.44981602,-0.81632208,-0.6133994650000001,-0.19322625999999998,-0.25828205000000004,-0.19322625999999998,-0.25828205000000004,-0.48437984,-0.472527465,-0.222526725,-0.36813858,-0.6589781,-0.681970095
25,4,0.27758272,-0.016278185,-0.10811325,-0.99584541,-0.98495687,-0.98101663,0.89430949,0.193734,0.24651971,-0.99725715,-0.99464932,-0.98639859,0.076118033,0.010762467,-0.0012257231,-0.99453539,-0.98880533,-0.98871854,-0.027628462,-0.073893618,0.086130226,-0.99614866,-0.98560472,-0.98940572,-0.098026346,-0.040652105,-0.05451772,-0.99555867,-0.99310496,-0.99411758,-0.98879338,-0.9882876,-0.98879338,-0.9882876,-0.99181045,-0.99187439,-0.98851699,-0.98736682,-0.99473752,-0.99456017
25,5,0.27757338,-0.017105294,-0.109229325,-0.99552955,-0.97140982,-0.98476064,0.930549485,-0.162498695,0.21988173500000002,-0.997464865,-0.990036065,-0.9878908900000001,0.0758673405,0.010538781,-0.0002853288755,-0.992853005,-0.98072007,-0.990166245,-0.0272923775,-0.075051972,0.08580689799999999,-0.98084993,-0.987508575,-0.98196558,-0.0989417125,-0.0402440605,-0.054751735,-0.9868366749999999,-0.993836425,-0.9885974799999999,-0.985538625,-0.98596398,-0.985538625,-0.98596398,-0.989807135,-0.9909942350000001,-0.982071925,-0.9760978250000001,-0.99181247,-0.993350595
25,6,0.27012458,-0.017962349,-0.10435048,-0.94510615,-0.81562168,-0.81223883,-0.39852762,0.80742364,0.58340271,-0.930702,-0.88171725,-0.77295835,0.076970123,0.01229195,-0.0039708953,-0.97497099,-0.95378656,-0.97133574,-0.021898568,-0.075165649,0.08888704,-0.90904522,-0.94230486,-0.93993078,-0.10102997,-0.040939564,-0.055382413,-0.9625149,-0.97202578,-0.97732201,-0.63131871,-0.78149318,-0.63131871,-0.78149318,-0.96738924,-0.96836506,-0.81770551,-0.87735684,-0.97190227,-0.97010466
26,1,0.27388636,-0.018940899,-0.1118511,-0.34837923,-0.14032176,-0.33103289,0.96074881,-0.13310139,0.11082801,-0.98264298,-0.9747351,-0.97186052,0.10724969,-0.022727305,0.00069155423,-0.3329999,-0.26363873,-0.40333726,-0.027692529,-0.07427124,0.086919785,-0.47601027,-0.58229786,-0.355447,-0.079413527,-0.067520703,-0.076918391,-0.41979399,-0.58780916,-0.49021023,-0.22197554,-0.43135721,-0.22197554,-0.43135721,-0.28355509,-0.27099251,-0.38208601,-0.54234453,-0.5192395,-0.60095493
26,2,0.26643709,-0.026848494,-0.11658484,-0.16711502,-0.040386608,-0.4087737,0.93790204,-0.25017068,-0.0041154457,-0.96576708,-0.95375109,-0.94929107,0.043389322,0.009883094,-0.012680843,-0.29616442,-0.40463912,-0.67783464,0.0059945431,-0.079309245,0.051930322,-0.57638493,-0.60412893,-0.29633685,-0.08852329,-0.044293916,-0.066642472,-0.50916882,-0.72510978,-0.56427431,-0.13578998,-0.14642208,-0.13578998,-0.14642208,-0.40296419,-0.35936213,-0.34329824,-0.52217798,-0.64431178,-0.66590758
26,3,0.26774881,-0.017537877,-0.107940405,0.18100409499999998,-0.025593631,-0.29196862,0.946792005,-0.079211364,0.15317787500000002,-0.963893715,-0.953213385,-0.940820675,0.0808749125,-0.0132813276,0.00958393515,-0.11360796000000001,-0.09109174950000001,-0.38672439000000003,-0.0450734315,-0.09661640099999999,0.084860662,-0.34908417,-0.48632869,-0.33801147,-0.0982460305,-0.032021283,-0.049819763,-0.19997109000000002,-0.555707875,-0.35174417999999996,0.11511648,0.15015178,0.11511648,0.15015178,-0.136726515,-0.10340949899999999,-0.239816475,-0.296590445,-0.42117368,-0.46616646500000003
26,4,0.27773901,-0.016875103,-0.10784235,-0.9934819500000001,-0.988131715,-0.9800538050000001,0.928314805,0.11820372500000001,0.22625823499999997,-0.9943003100000001,-0.9933003650000001,-0.987980705,0.0756561735,0.010432077,-0.0015188235499999998,-0.9944256,-0.990449715,-0.99130436,-0.0275728145,-0.07567119550000001,0.087039066,-0.99708496,-0.982919645,-0.9887695350000001,-0.098094073,-0.041003189499999995,-0.054343576500000004,-0.997706355,-0.99478139,-0.99454144,-0.989835575,-0.9891334549999999,-0.989835575,-0.9891334549999999,-0.993248035,-0.9937486099999999,-0.98472351,-0.9871581549999999,-0.996272455,-0.9964144349999999
26,5,0.277923405,-0.01833592,-0.11242861,-0.996976705,-0.96967398,-0.9811218399999999,0.9664545250000001,-0.13884540499999998,0.07526864899999999,-0.998250105,-0.982684785,-0.979127955,0.07567952850000001,0.009855493350000001,0.000386780525,-0.99496794,-0.98484986,-0.9904492,-0.027511288000000002,-0.0738693495,0.0850861665,-0.9855126750000001,-0.9881588050000001,-0.98715232,-0.098408946,-0.040226486500000005,-0.054152439499999996,-0.989482415,-0.9942503899999999,-0.992494255,-0.982219005,-0.9839261699999999,-0.982219005,-0.9839261699999999,-0.9915987749999999,-0.991714805,-0.98275753,-0.9785664949999999,-0.992661915,-0.9939238699999999
26,6,0.27787136,-0.017447228500000002,-0.107246965,-0.98726512,-0.99317347,-0.991333695,-0.60347951,0.81388886,0.59031498,-0.9878102049999999,-0.99717245,-0.9957271000000001,0.076044785,0.010820398,-0.00160436805,-0.991313525,-0.99077757,-0.9907121299999999,-0.027533173,-0.07591262300000001,0.0864871895,-0.996265765,-0.984625555,-0.994749995,-0.0985233895,-0.039756917,-0.054690563,-0.99592481,-0.99176131,-0.99557871,-0.990474435,-0.991594325,-0.990474435,-0.991594325,-0.991709985,-0.993725915,-0.9864748750000001,-0.9875595349999999,-0.994131255,-0.9934558849999999
27,1,0.2703342,-0.014142748,-0.11051528,-0.350667,-0.1790325,-0.29599544,0.94015106,-0.20337197,-0.18226414,-0.98185253,-0.98062299,-0.97055524,0.099286197,0.029670285,-0.077671889,-0.32110287,-0.086066294,-0.40812917,-0.040485713,-0.050118437,0.092504523,-0.61678696,-0.52801469,-0.24616895,-0.078114776,-0.030790585,-0.060214525,-0.5244591,-0.61015681,-0.42194916,-0.23575686,-0.41185643,-0.23575686,-0.41185643,-0.22565121,-0.27301002,-0.41107306,-0.465519,-0.55872236,-0.61277031
27,2,0.26843012,-0.01817146,-0.11578225,-0.29149237,-0.096510876,-0.23403759,0.88372148,-0.22579807,-0.333839,-0.97028508,-0.95515682,-0.9392738,0.083024496,-0.016985018,0.031767361,-0.47018402,-0.43453029,-0.63836604,-0.058128731,-0.052607887,0.13374514,-0.60051804,-0.5946782,-0.21249246,-0.095976211,-0.061011417,-0.039352549,-0.6946624,-0.71623691,-0.68350163,-0.1626946,-0.38623272,-0.1626946,-0.38623272,-0.48150563,-0.46378089,-0.30265044,-0.57835071,-0.69890556,-0.71933027
27,3,0.30717693,-0.0160115775,-0.112261955,0.14688028,-0.117492445,-0.218058085,0.9328009749999999,-0.16577598,-0.1045740305,-0.95150896,-0.937125515,-0.93256909,0.053566732500000006,0.031815958,-0.0265110575,-0.00547712,-0.13000652499999998,-0.414206305,-0.13834950000000001,-0.0076379527,0.11275998500000001,-0.38293648,-0.51405004,-0.25821085,-0.026213916999999996,-0.070381683,-0.09557690099999999,-0.49381959,-0.49579949,-0.31088476,0.089293613,0.131642535,0.089293613,0.131642535,-0.12736393499999998,-0.031708522,-0.156375725,-0.30835098,-0.456442645,-0.49708896
27,4,0.277053265,-0.016995405999999998,-0.10631825,-0.99538306,-0.985502445,-0.98103371,0.93641401,0.099127659,0.21599433499999998,-0.99595577,-0.99476515,-0.98927393,0.0754475985,0.0120151225,-0.0013792994000000002,-0.993657385,-0.9878988,-0.99103301,-0.0275853935,-0.07496887799999999,0.0866444735,-0.99526889,-0.98888396,-0.98942632,-0.0982208645,-0.039599078,-0.0546996015,-0.995769005,-0.9951457850000001,-0.99463255,-0.9902086800000001,-0.98916235,-0.9902086800000001,-0.98916235,-0.99256985,-0.99343694,-0.9908349350000001,-0.9888525699999999,-0.9960527299999999,-0.99619458
27,5,0.27750493,-0.016854516,-0.106785245,-0.99615348,-0.9819390649999999,-0.980350295,0.966051705,-0.18975999,-0.0110823645,-0.998397465,-0.99191826,-0.985331465,0.07607357149999999,0.0119623215,-0.00048483580000000003,-0.9924739300000001,-0.987546715,-0.990718295,-0.027218909,-0.0739422245,0.085116654,-0.983525765,-0.9886506349999999,-0.989011555,-0.09806466550000001,-0.0406064575,-0.0538905005,-0.9926449749999999,-0.99448175,-0.99321966,-0.988399655,-0.9875845249999999,-0.988399655,-0.9875845249999999,-0.991446225,-0.99336681,-0.9838127050000001,-0.9825327399999999,-0.9944229,-0.9952667749999999
27,6,0.275304135,-0.0171609325,-0.10846477,-0.986953035,-0.989084335,-0.991661175,-0.5321935,0.561394075,0.8484398049999999,-0.99297479,-0.997074375,-0.99665465,0.0757215205,0.010961865500000001,-0.00071571311,-0.98956483,-0.987878355,-0.991535775,-0.0276186925,-0.074812343,0.086588886,-0.995370565,-0.99053624,-0.99520483,-0.098187211,-0.0397221985,-0.0543523405,-0.995445355,-0.9951038649999999,-0.994630915,-0.990773345,-0.993380425,-0.990773345,-0.993380425,-0.99069865,-0.9929266050000001,-0.98970653,-0.99185831,-0.9961542699999999,-0.9961564949999999
28,1,0.282624945,-0.0179737435,-0.10546994,-0.28530173999999997,-0.116691115,-0.31363108,0.94229111,-0.228497565,-0.12401867,-0.97933889,-0.97399105,-0.95295425,0.11291838,0.0094530175,-0.0103108208,-0.32132566,-0.21257863,-0.545244115,-0.029225828000000002,-0.0553775445,0.08662834999999999,-0.5203045550000001,-0.5073634149999999,-0.236395785,-0.0934099725,-0.053772031,-0.0595520375,-0.41083515000000004,-0.65037046,-0.445238605,-0.18353930000000002,-0.38975466000000003,-0.18353930000000002,-0.38975466000000003,-0.298317845,-0.39294550500000003,-0.33388427499999995,-0.46002332,-0.55281429,-0.597359735
28,2,0.26002445,-0.021195874,-0.11185373,-0.24565948,-0.12979762,-0.29029056,0.8564614,-0.33499617,-0.25383799,-0.96107161,-0.94502505,-0.93486853,0.071111331,0.017755026,0.012371155,-0.31168718,-0.35434714,-0.64870777,-0.046196377,0.0078472701,0.069307772,-0.51478582,-0.48352973,-0.19962259,-0.091812863,-0.042287019,-0.067408194,-0.5005898,-0.69565714,-0.61230187,-0.18242977,-0.21208339,-0.18242977,-0.21208339,-0.39748519,-0.33321015,-0.31090373,-0.47217401,-0.61590967,-0.67379245
28,3,0.302536315,-0.0228233645,-0.12003898,0.136879995,0.15173386,-0.363806735,0.92642241,-0.232945835,-0.113880335,-0.9579192400000001,-0.9488806599999999,-0.925412055,0.11370089,0.00885668295,-0.017503795000000003,-0.0267157725,0.0300373595,-0.44815408,-0.13769792,0.0089628044555,0.12701177,-0.24739992500000002,-0.270205755,-0.32455235,-0.0587672155,-0.061511342999999996,-0.08241920150000001,-0.16532623000000002,-0.43156821,-0.36169567,0.096402179,0.14402028,0.096402179,0.14402028,-0.0847782155,-0.060285386499999996,-0.08454025700000001,-0.23432308000000002,-0.33677485500000004,-0.43065809499999996
28,4,0.27670249,-0.017556112,-0.1079189,-0.9901516,-0.9537387900000001,-0.95897036,0.91931696,-0.202536545,-0.0351598795,-0.993576725,-0.9891225699999999,-0.97613019,0.07640013600000001,0.0103233745,-0.0012466599,-0.98721309,-0.9711163,-0.981671765,-0.0275031125,-0.07485478300000001,0.08569924000000001,-0.98783763,-0.9661002949999999,-0.973964365,-0.097645701,-0.04130388,-0.05532676,-0.987940905,-0.986000335,-0.9800565,-0.97098701,-0.966798885,-0.97098701,-0.966798885,-0.98199155,-0.9785067350000001,-0.973674475,-0.96576285,-0.98642982,-0.98533651
28,5,0.27776525,-0.017251453,-0.10689878,-0.98636783,-0.92559485,-0.93645007,0.94805388,-0.25036293,-0.051927375,-0.9952294,-0.98377872,-0.96891729,0.075420747,0.011370681,0.00085938792,-0.97892712,-0.95717616,-0.9778972,-0.025141146,-0.07479674,0.086262906,-0.92497562,-0.95248971,-0.95101451,-0.098957852,-0.039878359,-0.054862311,-0.94731622,-0.98013146,-0.97013953,-0.95383112,-0.95136544,-0.95383112,-0.95136544,-0.97474824,-0.96868581,-0.92659814,-0.91776082,-0.97458915,-0.96518702
28,6,0.27826383,-0.0171539755,-0.10836157,-0.973687075,-0.96883237,-0.977732625,-0.43306369,0.503852895,0.82964522,-0.98135242,-0.9894678299999999,-0.991282175,0.0756214805,0.0110930465,-0.0014321406500000002,-0.988266155,-0.987821665,-0.987891715,-0.027228196,-0.075403184,0.086786544,-0.979229905,-0.96396389,-0.98780617,-0.098496761,-0.0402942895,-0.054592750499999995,-0.98762258,-0.99072695,-0.9931701399999999,-0.9697362249999999,-0.972619095,-0.9697362249999999,-0.972619095,-0.988250235,-0.9899271599999999,-0.9694004700000001,-0.96989955,-0.99181947,-0.991194805
29,1,0.27247382,-0.015363553,-0.11057897,-0.18959602,-0.092404397,-0.24629493,0.96252004,-0.12780369,0.091272481,-0.98022184,-0.97787536,-0.96330446,0.12250354,0.010978456,0.015255632,-0.24343762,-0.10367568,-0.46238199,-0.028533054,-0.098300807,0.085762766,-0.59751341,-0.18538248,-0.42406431,-0.094967541,-0.056080454,-0.012974509,-0.38860802,-0.59566011,-0.51448075,-0.10315699,-0.26434719,-0.10315699,-0.26434719,-0.23521079,-0.12974724,-0.2916173,-0.36012453,-0.50556616,-0.61341303
29,2,0.26259225,-0.029003632,-0.11154605,-0.077814702,-0.1342479,0.076235577,0.92771095,-0.23390663,0.052851972,-0.96278758,-0.93469084,-0.89689545,0.11246958,0.0054675526,-0.068442333,-0.18476272,-0.3903836,-0.67871996,0.10802812,-0.11828365,0.085677823,-0.42709023,0.05188805,-0.38661704,-0.12352547,-0.039975287,-0.082376306,-0.47182559,-0.73346088,-0.55635732,0.019144763,-0.043457984,0.019144763,-0.043457984,-0.33207376,-0.26417984,0.015973991,-0.17765148,-0.6081298,-0.71087876
29,3,0.301873275,-0.020483665499999998,-0.0988457115,0.17084435,-0.13232591,-0.22978553499999999,0.9519947150000001,-0.0778490945,0.08560540999999999,-0.939885055,-0.923567145,-0.87259229,0.01726267115,0.043795640999999996,-0.013385637999999998,-0.0151831175,-0.0971798575,-0.47717824,-0.11920254,-0.06994122450000001,0.071581536,-0.21746681,-0.39220818,-0.327430385,-0.052056331,-0.058653555499999996,-0.041987808,-0.340850765,-0.6984818500000001,-0.40248601,0.1027271,0.13946884999999998,0.1027271,0.13946884999999998,-0.134570265,-0.0350611725,-0.11199848,-0.318536135,-0.54072323,-0.60390587
29,4,0.27760107,-0.017128125,-0.10785801,-0.995551735,-0.9842855349999999,-0.985187315,0.90571259,0.17477863,0.245585035,-0.99684744,-0.9944521799999999,-0.99256009,0.075826641,0.0117203435,-0.000767538035,-0.99490869,-0.988057835,-0.991074865,-0.0276385845,-0.073562902,0.08600185699999999,-0.9954927149999999,-0.989634835,-0.9869110000000001,-0.0979659585,-0.0401672425,-0.0552239645,-0.996035285,-0.996693105,-0.994885,-0.9913281700000001,-0.99219787,-0.9913281700000001,-0.99219787,-0.992518855,-0.99328374,-0.9896538749999999,-0.98909855,-0.99700592,-0.99745382
29,5,0.2776083,-0.016758041,-0.10830794,-0.99752224,-0.97936644,-0.98527288,0.97514622,-0.10108416,0.0082320115,-0.99840748,-0.99037117,-0.99211412,0.07536875,0.010404272,4.9086001e-05,-0.99526589,-0.98599335,-0.99135938,-0.027741064,-0.073776163,0.085129235,-0.98622003,-0.99372668,-0.98786474,-0.098562735,-0.040681284,-0.054458527,-0.98818237,-0.99689829,-0.99301968,-0.99068366,-0.98987517,-0.99068366,-0.98987517,-0.99207481,-0.99263378,-0.98715216,-0.98661023,-0.99454606,-0.99497536
29,6,0.27820536,-0.017110927,-0.10840286,-0.99378662,-0.99375927,-0.99349699,-0.33144544,0.80086807,0.5953598,-0.99705386,-0.99818008,-0.996384,0.075449693,0.011033963,-0.0011587406,-0.9920103,-0.98999149,-0.99365787,-0.027661293,-0.074224902,0.086546481,-0.99791209,-0.99651838,-0.99518318,-0.098376032,-0.040336669,-0.055075968,-0.99724516,-0.99742437,-0.99555678,-0.99610344,-0.9963082,-0.99610344,-0.9963082,-0.99328636,-0.99501927,-0.99678285,-0.99715549,-0.99761847,-0.99817604
30,1,0.27362878,-0.019644743,-0.099937872,-0.36082697,-0.17078968,-0.13291168,0.9646992,-0.15956887,-0.017640361,-0.98221613,-0.97759732,-0.95099611,0.1075668,0.045283972,-0.020257861,-0.39208043,-0.27925862,-0.52767234,-0.027158785,-0.082630154,0.089011825,-0.40852226,-0.0016206742,-0.19302267,-0.092904489,-0.063411323,-0.0226401,-0.50010303,-0.51102097,-0.48114139,-0.20271911,-0.36755281,-0.20271911,-0.36755281,-0.37518876,-0.37331456,-0.01794369,-0.27237999,-0.49109128,-0.55516121
30,2,0.27385271,-0.021977717,-0.12469316,-0.37312328,-0.12002267,0.059279994,0.92937153,-0.23329162,-0.025957343,-0.95882863,-0.92811738,-0.86509143,0.046127904,0.011094142,0.047571571,-0.56914112,-0.62559997,-0.76665684,0.003136114,-0.090016795,0.091716118,-0.52923252,-0.089091061,-0.20748507,-0.12573375,-0.034472645,-0.055252269,-0.76498279,-0.75096933,-0.66690136,-0.15433711,-0.36279775,-0.15433711,-0.36279775,-0.63264308,-0.61034844,-0.10443719,-0.16531358,-0.73669793,-0.76949452
30,3,0.281239805,-0.020887300999999997,-0.10628815,-0.055289027500000004,-0.0063124196,-0.230833905,0.960705125,-0.13455783999999998,0.0130298355,-0.9643718050000001,-0.92219836,-0.89380106,0.10139132549999999,-0.016220193,-0.0784008235,-0.237310785,-0.22071275,-0.47299098,-0.09917606,-0.07087827,0.0943874015,-0.33239819,-0.30106648,-0.28278827500000003,-0.071031701,-0.0584313405,-0.060081733,-0.551061835,-0.60745626,-0.50107876,-0.075175093,-0.021945399,-0.075175093,-0.021945399,-0.30680553499999996,-0.14161363,-0.0978012375,-0.26944124,-0.57961215,-0.603390415
30,4,0.27897723500000005,-0.017201474,-0.1103829,-0.994698815,-0.979844255,-0.980558005,0.9294895000000001,-0.0011004852499999999,0.27069682,-0.9951054749999999,-0.993495055,-0.987455295,0.075900436,0.0105627325,0.000361264225,-0.993258525,-0.986424315,-0.99100782,-0.0279421065,-0.07297368,0.08724188150000001,-0.994837255,-0.9888207099999999,-0.9825122,-0.097637015,-0.039941570999999995,-0.054846817500000006,-0.99687104,-0.996534135,-0.993294075,-0.9884539,-0.98702628,-0.9884539,-0.98702628,-0.9918560599999999,-0.993085325,-0.98431238,-0.98725602,-0.9966554750000001,-0.996710675
30,5,0.27777234,-0.015991447,-0.10596454,-0.9880559,-0.91349511,-0.95183351,0.96946452,-0.11789043,0.032270578,-0.99708119,-0.97506692,-0.97590651,0.076391998,0.011908329,9.7276887e-05,-0.98398735,-0.96938717,-0.98041312,-0.028509098,-0.072880669,0.086884899,-0.92979272,-0.96054497,-0.94840945,-0.099048227,-0.041312731,-0.052493373,-0.96585973,-0.98684003,-0.97789062,-0.95213872,-0.95008435,-0.95213872,-0.95008435,-0.98131555,-0.97582517,-0.93366789,-0.91837131,-0.97909778,-0.97617429
30,6,0.27985323500000003,-0.017654924500000002,-0.10722776,-0.9860985950000001,-0.9727076050000001,-0.9826191049999999,-0.36568228999999997,0.735230335,0.6713004,-0.9922530199999999,-0.9954959050000001,-0.99287923,0.07494426900000001,0.01058088,-0.00058087782,-0.98761225,-0.97933251,-0.98825483,-0.027232599500000003,-0.073436451,0.084749882,-0.98684594,-0.98020393,-0.990149225,-0.098420952,-0.041609293000000006,-0.055074857000000005,-0.988633115,-0.9906378950000001,-0.99253895,-0.98385358,-0.97696173,-0.98385358,-0.97696173,-0.986775985,-0.9848608649999999,-0.98013783,-0.9765051650000001,-0.992246155,-0.98932284
