key,figure,representation,configuration,N,error,score,qualifies,score_status,n_raw,discrepancy_ratio,order
WDBC__10,Figure_2_Improvement,Binned,bins_8,18,0.06145410717193098,96.8365553602812,True,qualifies,569,0.34819841308975436,1
WDBC__10,Figure_2_Improvement,Binned,bins_16,34,0.052336803909952434,94.02460456942003,True,qualifies,569,0.2965398556137298,2
WDBC__10,Figure_2_Improvement,Density,density_16,34,0.1076152009526462,94.02460456942003,True,qualifies,569,0.609746751201056,3
WDBC__10,Figure_2_Improvement,Binned,bins_32,66,0.04571084493483468,88.40070298769771,True,qualifies,569,0.25899723223985055,4
WDBC__10,Figure_2_Improvement,Density,density_32,66,0.05375507449156869,88.40070298769771,True,qualifies,569,0.30457576384796775,5
WDBC__10,Figure_2_Improvement,Binned,bins_64,130,0.03861486966824701,77.15289982425307,True,qualifies,569,0.21879150082734522,6
WDBC__10,Figure_2_Improvement,Density,density_64,130,0.04139515080240197,77.15289982425307,True,qualifies,569,0.23454454848203984,7
WDBC__10,Figure_2_Improvement,Density,density_128,258,0.0458891482850885,54.65729349736379,True,qualifies,569,0.260007497402979,8
WDBC__10,Figure_2_Improvement,Density,density_256,514,0.04783197063072486,9.666080843585235,True,qualifies,569,0.2710155111680033,9
WDBC__10,Figure_2_Improvement,Observations,raw,569,0.0,0.0,True,qualifies,569,0.0,10
WDBC__10,Figure_2_Improvement,Density,density_8,18,0.23415816301050976,0.0,False,does_not_qualify,569,1.326738024916124,11
WDBC__10,Figure_2_Improvement,Binned,bins_4,10,0.29350806062679397,0.0,False,does_not_qualify,569,1.6630140057747067,12
WDBC__10,Figure_2_Improvement,Means,means,2,0.35618843136378253,0.0,False,does_not_qualify,569,2.0181604170867486,13
WDBC__10,Figure_2_Improvement,Five-number,five_number,10,1.0058799999999999,0.0,False,does_not_qualify,569,5.6993069442671205,14
HAR__29,Figure_2_Improvement,Five-number,five_number,10,0.026304752413793153,83.33333333333334,True,qualifies,60,0.16352003365413295,1
HAR__29,Figure_2_Improvement,Binned,bins_8,18,0.08804138168103459,70.0,True,qualifies,60,0.5472976695986761,2
HAR__29,Figure_2_Improvement,Binned,bins_16,34,0.03147951628125001,43.333333333333336,True,qualifies,60,0.19568827262660984,3
HAR__29,Figure_2_Improvement,Density,density_16,34,0.059340845212342064,43.333333333333336,True,qualifies,60,0.3688845594721807,4
HAR__29,Figure_2_Improvement,Observations,raw,60,0.0,0.0,True,qualifies,60,0.0,5
HAR__29,Figure_2_Improvement,Density,density_32,66,0.03457833748792405,0.0,True,qualifies,60,0.21495168708618775,6
HAR__29,Figure_2_Improvement,Binned,bins_32,66,0.04525435768749997,0.0,True,qualifies,60,0.28131776249587154,7
HAR__29,Figure_2_Improvement,Density,density_64,130,0.03288815253123045,0.0,True,qualifies,60,0.2044448746040705,8
HAR__29,Figure_2_Improvement,Binned,bins_64,130,0.05214979547916665,0.0,True,qualifies,60,0.3241823446069762,9
HAR__29,Figure_2_Improvement,Density,density_128,258,0.03518123875204571,0.0,True,qualifies,60,0.2186995434981568,10
HAR__29,Figure_2_Improvement,Density,density_256,514,0.03656345514428594,0.0,True,qualifies,60,0.22729190990484083,11
HAR__29,Figure_2_Improvement,Density,density_8,18,0.18800447416737276,0.0,False,does_not_qualify,60,1.1687050864183857,12
HAR__29,Figure_2_Improvement,Binned,bins_4,10,0.19198246366379323,0.0,False,does_not_qualify,60,1.1934337349187751,13
HAR__29,Figure_2_Improvement,Means,means,2,0.23240538500000008,0.0,False,does_not_qualify,60,1.444717508790333,14
WDBC__22,Figure_2_Improvement,Density,density_8,18,6.642277968273248,96.8365553602812,True,qualifies,569,0.37774698771920134,1
WDBC__22,Figure_2_Improvement,Binned,bins_8,18,7.50409170991005,96.8365553602812,True,qualifies,569,0.42675841820032384,2
WDBC__22,Figure_2_Improvement,Binned,bins_16,34,3.2150092169944173,94.02460456942003,True,qualifies,569,0.18283788378173293,3
WDBC__22,Figure_2_Improvement,Density,density_16,34,4.27152828478998,94.02460456942003,True,qualifies,569,0.24292222491198276,4
WDBC__22,Figure_2_Improvement,Density,density_32,66,4.95994367776359,88.40070298769771,True,qualifies,569,0.28207247460605184,5
WDBC__22,Figure_2_Improvement,Binned,bins_32,66,5.377306378329735,88.40070298769771,True,qualifies,569,0.30580793158003894,6
WDBC__22,Figure_2_Improvement,Density,density_64,130,4.778707819246534,77.15289982425307,True,qualifies,569,0.27176557387884265,7
WDBC__22,Figure_2_Improvement,Binned,bins_64,130,5.715502284787789,77.15289982425307,True,qualifies,569,0.32504116534919203,8
WDBC__22,Figure_2_Improvement,Density,density_128,258,4.90296596614327,54.65729349736379,True,qualifies,569,0.2788321466591465,9
WDBC__22,Figure_2_Improvement,Density,density_256,514,4.9452330476187,9.666080843585235,True,qualifies,569,0.28123587965305136,10
WDBC__22,Figure_2_Improvement,Observations,raw,569,0.0,0.0,True,qualifies,569,0.0,11
WDBC__22,Figure_2_Improvement,Binned,bins_4,10,21.905408413461487,0.0,False,does_not_qualify,569,1.2457626860043993,12
WDBC__22,Figure_2_Improvement,Five-number,five_number,10,29.227109004739347,0.0,False,does_not_qualify,569,1.6621485037235129,13
WDBC__22,Figure_2_Improvement,Means,means,2,33.27560818667084,0.0,False,does_not_qualify,569,1.8923870420778233,14
BIDMC__00,Figure_3_Limits,Means,means,2,3.29640575400488,97.82608695652173,True,qualifies,92,0.573028972777864,1
BIDMC__00,Figure_3_Limits,Binned,bins_4,10,3.7564949698630272,89.13043478260869,True,qualifies,92,0.653008341345905,2
BIDMC__00,Figure_3_Limits,Five-number,five_number,10,3.9829563275473703,89.13043478260869,True,qualifies,92,0.6923751331949,3
BIDMC__00,Figure_3_Limits,Binned,bins_8,18,1.8949019331831778,80.43478260869566,True,qualifies,92,0.32939928798739065,4
BIDMC__00,Figure_3_Limits,Density,density_8,18,3.035561916104342,80.43478260869566,True,qualifies,92,0.5276853204359201,5
BIDMC__00,Figure_3_Limits,Binned,bins_16,34,2.0396470298423424,63.04347826086957,True,qualifies,92,0.3545609762754493,6
BIDMC__00,Figure_3_Limits,Density,density_16,34,2.8700798098708447,63.04347826086957,True,qualifies,92,0.4989188249179178,7
BIDMC__00,Figure_3_Limits,Binned,bins_32,66,2.0958617792580725,28.260869565217394,True,qualifies,92,0.36433303788331567,8
BIDMC__00,Figure_3_Limits,Density,density_32,66,2.6455980387322313,28.260869565217394,True,qualifies,92,0.45989615346230767,9
BIDMC__00,Figure_3_Limits,Observations,raw,92,0.0,0.0,True,qualifies,92,0.0,10
BIDMC__00,Figure_3_Limits,Binned,bins_64,130,2.421802654699931,0.0,True,qualifies,92,0.42099279975087417,11
BIDMC__00,Figure_3_Limits,Density,density_64,130,2.5476429183191414,0.0,True,qualifies,92,0.44286817626003216,12
BIDMC__00,Figure_3_Limits,Density,density_128,258,2.5626027943032312,0.0,True,qualifies,92,0.44546871848928665,13
BIDMC__00,Figure_3_Limits,Density,density_256,514,2.559180283382844,0.0,True,qualifies,92,0.4448737680907661,14
CKD__09,Figure_3_Limits,Binned,bins_4,10,2385.8333333333394,96.5986394557823,True,qualifies,294,0.9543333333333358,1
CKD__09,Figure_3_Limits,Binned,bins_8,18,917.9473684210534,93.87755102040816,True,qualifies,294,0.3671789473684214,2
CKD__09,Figure_3_Limits,Density,density_8,18,1741.7144221379003,93.87755102040816,True,qualifies,294,0.6966857688551601,3
CKD__09,Figure_3_Limits,Density,density_16,34,733.884361614244,88.43537414965986,True,qualifies,294,0.2935537446456976,4
CKD__09,Figure_3_Limits,Binned,bins_16,34,848.3249999999989,88.43537414965986,True,qualifies,294,0.3393299999999996,5
CKD__09,Figure_3_Limits,Binned,bins_32,66,711.5,77.55102040816327,True,qualifies,294,0.2846,6
CKD__09,Figure_3_Limits,Density,density_32,66,764.6746034968546,77.55102040816327,True,qualifies,294,0.30586984139874185,7
CKD__09,Figure_3_Limits,Binned,bins_64,130,659.09676232524,55.78231292517006,True,qualifies,294,0.263638704930096,8
CKD__09,Figure_3_Limits,Density,density_64,130,751.0495291156603,55.78231292517006,True,qualifies,294,0.30041981164626413,9
CKD__09,Figure_3_Limits,Density,density_128,258,762.3711591084757,12.244897959183676,True,qualifies,294,0.3049484636433903,10
CKD__09,Figure_3_Limits,Observations,raw,294,0.0,0.0,True,qualifies,294,0.0,11
CKD__09,Figure_3_Limits,Density,density_256,514,763.2602761493545,0.0,True,qualifies,294,0.30530411045974176,12
CKD__09,Figure_3_Limits,Means,means,2,3136.0579817533453,0.0,False,does_not_qualify,294,1.254423192701338,13
CKD__09,Figure_3_Limits,Five-number,five_number,10,8089.999999999996,0.0,False,does_not_qualify,294,3.2359999999999984,14
CKD__06,Figure_3_Limits,Binned,bins_32,66,0.5338269788402457,78.84615384615384,True,qualifies,312,0.88971163140041,1
CKD__06,Figure_3_Limits,Binned,bins_64,130,0.4315227914764641,58.33333333333333,True,qualifies,312,0.7192046524607739,2
CKD__06,Figure_3_Limits,Observations,raw,312,0.0,0.0,True,qualifies,312,0.0,3
CKD__06,Figure_3_Limits,Means,means,2,0.9805120792896962,0.0,False,does_not_qualify,312,1.6341867988161614,4
CKD__06,Figure_3_Limits,Density,density_16,34,0.9973163031576311,0.0,False,does_not_qualify,312,1.6621938385960529,5
CKD__06,Figure_3_Limits,Density,density_64,130,1.1384767742025428,0.0,False,does_not_qualify,312,1.8974612903375725,6
CKD__06,Figure_3_Limits,Binned,bins_4,10,1.172462577583059,0.0,False,does_not_qualify,312,1.9541042959717663,7
CKD__06,Figure_3_Limits,Density,density_8,18,1.2053078163623843,0.0,False,does_not_qualify,312,2.008846360603975,8
CKD__06,Figure_3_Limits,Binned,bins_8,18,1.2362312887915294,0.0,False,does_not_qualify,312,2.060385481319217,9
CKD__06,Figure_3_Limits,Binned,bins_16,34,1.2481685671256448,0.0,False,does_not_qualify,312,2.080280945209409,10
CKD__06,Figure_3_Limits,Density,density_128,258,1.3314647447387709,0.0,False,does_not_qualify,312,2.2191079078979525,11
CKD__06,Figure_3_Limits,Density,density_256,514,1.4135615110331674,0.0,False,does_not_qualify,312,2.355935851721947,12
CKD__06,Figure_3_Limits,Density,density_32,66,1.6207197923801528,0.0,False,does_not_qualify,312,2.701199653966923,13
CKD__06,Figure_3_Limits,Five-number,five_number,10,32.3,0.0,False,does_not_qualify,312,53.83333333333336,14
