key,task,observer,kind,epsilon,regret,bound
BIDMC__00,five,hard,empirical,0.010127233572270904,0.0,0.020254467145541806
BIDMC__00,five,soft,empirical,0.005801314610295802,0.0,0.011602629221591604
BIDMC__00,median,hard,empirical,0.009515886668094898,0.0,0.019031773337189795
BIDMC__00,median,soft,empirical,0.0095736387347829,0.0,0.0191472774705658
BIDMC__00,spread,hard,empirical,0.025634648575104304,0.0,0.05126929715120861
BIDMC__00,spread,soft,empirical,0.025634648575105997,0.0009768308161354998,0.05126929715121199
BIDMC__01,five,hard,empirical,0.004863133083182602,0.0,0.009726266167365204
BIDMC__01,five,soft,empirical,0.004004114345643399,0.0,0.008008228692286798
BIDMC__01,median,hard,empirical,0.0119769430054886,0.0,0.023953886011977198
BIDMC__01,median,soft,empirical,0.010931969567749802,0.0,0.021863939136499602
BIDMC__01,spread,hard,empirical,0.0402565593035823,0.0,0.08051311860816461
BIDMC__01,spread,soft,empirical,0.014037110341663397,0.0,0.028074220684326794
BIDMC__02,five,hard,empirical,0.0034012536845144936,0.0,0.006802507370028988
BIDMC__02,five,soft,empirical,0.0044073203978554,0.0,0.0088146407967108
BIDMC__02,median,hard,empirical,0.007816658499057199,0.0,0.015633316999114397
BIDMC__02,median,soft,empirical,0.014056612736114998,0.0,0.028113225473229995
BIDMC__02,spread,hard,empirical,0.0359150547965916,0.0,0.0718301095941832
BIDMC__02,spread,soft,empirical,0.018478902307288003,0.0,0.036957804615576004
BIDMC__03,five,hard,empirical,0.0035243085129259997,0.0,0.007048617026852
BIDMC__03,five,soft,empirical,0.0036297564921788997,0.0,0.0072595129853578
BIDMC__03,median,hard,empirical,0.01093340934956849,0.0,0.02186681870013698
BIDMC__03,median,soft,empirical,0.010125280194590799,0.0,0.020250560390181596
BIDMC__03,spread,hard,empirical,0.0292216003491278,0.0018390033449404994,0.0584432006992556
BIDMC__03,spread,soft,empirical,0.011779217444320103,0.0,0.023558434889640205
BIDMC__04,five,hard,empirical,0.009898222364512401,0.0,0.0197964447300248
BIDMC__04,five,soft,empirical,0.007361065751163701,0.0,0.014722131503327402
BIDMC__04,median,hard,empirical,0.0091073427229726,0.0047459732339099,0.018214685446945197
BIDMC__04,median,soft,empirical,0.0091073427229726,0.00022068144250689996,0.018214685446945197
BIDMC__04,spread,hard,empirical,0.030561004318815796,0.0,0.06112200863863159
BIDMC__04,spread,soft,empirical,0.010767887095529501,0.0,0.021535774192059
CKD__00,five,hard,empirical,0.012538988005180801,0.0,0.0250779760113616
CKD__00,five,soft,empirical,0.028587535263265202,0.0,0.0571750705275304
CKD__00,median,hard,empirical,0.0053221249247802,0.0054275724570321,0.0106442498505604
CKD__00,median,soft,empirical,0.018342809498872598,0.0052833988071563,0.036685618998745194
CKD__00,spread,hard,empirical,0.0107546522959663,0.0,0.0215093045929326
CKD__00,spread,soft,empirical,0.0149300542162626,0.0029365960434727,0.029860108433525198
CKD__01,five,hard,empirical,0.014927362453858898,0.0016665433003482007,0.029854724908717795
CKD__01,five,soft,empirical,0.013560378871019095,4.698201032899991e-06,0.02712075774303819
CKD__01,median,hard,empirical,0.012709047027742,0.0070640826240365995,0.025418094056484
CKD__01,median,soft,empirical,0.011704518804581066,0.0,0.02340903761016213
CKD__01,spread,hard,empirical,0.01702037103046221,0.0,0.034040742061924416
CKD__01,spread,soft,empirical,0.033483846664633804,0.0,0.06696769333026761
CKD__02,five,hard,empirical,0.007046710510625999,0.0,0.014093421022251999
CKD__02,five,soft,empirical,0.020070315807910702,0.0,0.0401406316168214
CKD__02,median,hard,empirical,0.005246615716473002,0.0030514126867561,0.010493231433946005
CKD__02,median,soft,empirical,0.0286274897016775,0.0043264981902989,0.057254979404355
CKD__02,spread,hard,empirical,0.008851533571394699,0.014064801231560998,0.017703067143789396
CKD__02,spread,soft,empirical,0.029580077274369093,0.0029918861686202003,0.059160154549738185
CKD__03,five,hard,empirical,0.008590516669778586,0.0,0.01718103334055717
CKD__03,five,soft,empirical,0.0313929679838119,0.0012938198022690002,0.06278593596862381
CKD__03,median,hard,empirical,0.010012643538581001,0.0,0.020025287078162
CKD__03,median,soft,empirical,0.0284583206503423,0.0014004185427494002,0.0569166413016846
CKD__03,spread,hard,empirical,0.030822622305627802,0.003569269909887901,0.0616452446122556
CKD__03,spread,soft,empirical,0.0218664825252445,0.0042741212283586,0.043732965051489
CKD__04,five,hard,empirical,0.0652106150183067,0.0,0.1304212300376134
CKD__04,five,soft,empirical,0.05735460939391798,0.00011514306645370002,0.11470921878883597
CKD__04,median,hard,empirical,0.0368098924580708,0.006196844206904401,0.0736197849171416
CKD__04,median,soft,empirical,0.05822279051827511,0.0103857542790419,0.11644558103755022
CKD__04,spread,hard,empirical,0.0806946748826897,8.103981523510141e-05,0.1613893497663794
CKD__04,spread,soft,empirical,0.0689919884160858,5.762014987699751e-06,0.1379839768331716
CKD__05,five,hard,empirical,0.018692582135873,0.0011261641130278985,0.037385164272746
CKD__05,five,soft,empirical,0.026352575692072902,0.001490595694523299,0.0527051513851458
CKD__05,median,hard,empirical,0.019719944503555298,0.0,0.039439889008110594
CKD__05,median,soft,empirical,0.0319090818114362,4.054001652539947e-05,0.06381816362387241
CKD__05,spread,hard,empirical,0.04599481451743611,0.0,0.09198962903587223
CKD__05,spread,soft,empirical,0.025352629307703798,0.0009368430986381,0.050705258616407595
CKD__06,five,hard,empirical,0.0111044439537299,0.0,0.022208887908459797
CKD__06,five,soft,empirical,0.019795410948152795,0.0019503659691555994,0.03959082189730559
CKD__06,median,hard,empirical,0.0314079783141005,0.0018953863099751998,0.062815956629201
CKD__06,median,soft,empirical,0.028506546188384906,0.0,0.05701309237776981
CKD__06,spread,hard,empirical,0.0382235768672713,0.0016437511260592001,0.0764471537355426
CKD__06,spread,soft,empirical,0.04748266359692631,0.0100690613663982,0.09496532719485262
CKD__07,five,hard,empirical,0.01055151738391702,0.0,0.021103034768834038
CKD__07,five,soft,empirical,0.006490810718858396,4.505370326600032e-06,0.012981621438716793
CKD__07,median,hard,empirical,0.016259150584204712,0.0042317568673418005,0.03251830116940942
CKD__07,median,soft,empirical,0.01218640836350321,2.2526851632500016e-05,0.024372816728006418
CKD__07,spread,hard,empirical,0.009259124892375402,0.0025456877049329996,0.018518249785750802
CKD__07,spread,soft,empirical,0.012500698958990801,0.0030580742208786,0.0250013979189816
CKD__08,five,hard,empirical,0.013200359696032303,0.0,0.026400719393064605
CKD__08,five,soft,empirical,0.0078598425079257,3.468142450630007e-05,0.0157196850168514
CKD__08,median,hard,empirical,0.0148171736064929,0.007194353793128301,0.0296343472139858
CKD__08,median,soft,empirical,0.012439770093007802,0.0,0.024879540187015603
CKD__08,spread,hard,empirical,0.0132361445636857,0.007047618278967101,0.0264722891283714
CKD__08,spread,soft,empirical,0.015551870348101899,0.007571353250977701,0.031103740697203796
CKD__09,five,hard,empirical,0.009006460066890487,0.0,0.018012920134780973
CKD__09,five,soft,empirical,0.011403755523026297,0.0,0.022807511047052594
CKD__09,median,hard,empirical,0.015547228614865401,0.0041395085994821,0.0310944572307308
CKD__09,median,soft,empirical,0.013353253251761503,0.0004930249525626,0.026706506504523005
CKD__09,spread,hard,empirical,0.013540582983945702,0.0,0.027081165968891402
CKD__09,spread,soft,empirical,0.0383743564466121,0.0,0.0767487128942242
CKD__10,five,hard,empirical,0.008456562604037201,0.0,0.0169131252090744
CKD__10,five,soft,empirical,0.009909300752250001,0.0,0.0198186015055
CKD__10,median,hard,empirical,0.0083824630575863,0.0026664115664125996,0.0167649261161726
CKD__10,median,soft,empirical,0.0110856832338375,0.0053328231328259,0.022171366468675
CKD__10,spread,hard,empirical,0.0311600474137306,0.0,0.0623200948284612
CKD__10,spread,soft,empirical,0.031160047413730803,0.0,0.062320094828461604
Cleveland__00,five,hard,empirical,0.008760158577812802,0.0,0.017520317156625602
Cleveland__00,five,soft,empirical,0.005055449593286902,0.0,0.010110899187573805
Cleveland__00,median,hard,empirical,0.038138357722210095,0.0,0.0762767154454202
Cleveland__00,median,soft,empirical,0.0198714010470004,0.0,0.0397428020950008
Cleveland__00,spread,hard,empirical,0.0099189561876485,0.0,0.019837912376297
Cleveland__00,spread,soft,empirical,0.0141241607669602,0.0,0.0282483215349204
Cleveland__01,five,hard,empirical,0.010372358687205402,0.0,0.020744717375410802
Cleveland__01,five,soft,empirical,0.023920992107438303,0.0,0.047841984215876605
Cleveland__01,median,hard,empirical,0.015819419197112404,0.0,0.03163883839522481
Cleveland__01,median,soft,empirical,0.028337051134683502,0.0,0.056674102270367004
Cleveland__01,spread,hard,empirical,0.0223735605985442,0.0015059853578868,0.0447471211980884
Cleveland__01,spread,soft,empirical,0.018555762412775803,0.0,0.037111524826551605
Cleveland__02,five,hard,empirical,0.010606795216826,0.0,0.021213590434652
Cleveland__02,five,soft,empirical,0.005329793721472409,0.0,0.010659587443944818
Cleveland__02,median,hard,empirical,0.020191415169345202,0.0,0.0403828303396904
Cleveland__02,median,soft,empirical,0.015925115060770597,0.0,0.03185023012254119
Cleveland__02,spread,hard,empirical,0.007080239397165702,0.0,0.014160478795331404
Cleveland__02,spread,soft,empirical,0.008944663876778001,0.0092669790512986,0.017889327754556
Cleveland__03,five,hard,empirical,0.0182314350384352,0.0,0.0364628700778704
Cleveland__03,five,soft,empirical,0.008629892956680301,0.0,0.0172597859143606
Cleveland__03,median,hard,empirical,0.012167177279376,0.0015214689472943,0.024334354559751997
Cleveland__03,median,soft,empirical,0.011203816158868599,0.0,0.022407632318737197
Cleveland__03,spread,hard,empirical,0.0323143159013953,0.0012453937626299998,0.06462863180379061
Cleveland__03,spread,soft,empirical,0.0104307929398325,0.0,0.020861585880664998
Cleveland__04,five,hard,empirical,0.019539354249421395,0.0,0.03907870849984279
Cleveland__04,five,soft,empirical,0.036401277946385105,0.0,0.07280255589377022
Cleveland__04,median,hard,empirical,0.041318110915066694,0.0031036762169528997,0.0826362218311334
Cleveland__04,median,soft,empirical,0.028081668105885887,5.000340419503146e-16,0.056163336212771774
Cleveland__04,spread,hard,empirical,0.040590573721898504,0.0,0.08118114744479701
Cleveland__04,spread,soft,empirical,0.05116251130906141,0.0086677225577365,0.10232502261912282
HAR__00,five,soft,empirical,0.07615865144573641,0.0001844840679605976,0.15231730289247283
HAR__00,median,soft,empirical,0.065239748695423,0.0035500537495363003,0.130479497391846
HAR__00,spread,soft,empirical,0.4740297969345063,0.001055228250748599,0.9480595938700126
HAR__01,five,hard,empirical,0.007575003236164599,0.0,0.015150006473329198
HAR__01,five,soft,empirical,0.0031255245472698034,0.0,0.006251049095539607
HAR__01,median,hard,empirical,0.00772261098098509,0.001004674933581499,0.01544522196297018
HAR__01,median,soft,empirical,0.0087047732801605,0.004419259546323199,0.017409546561320998
HAR__01,spread,hard,empirical,0.0222544058376722,0.0144575177663288,0.0445088116763444
HAR__01,spread,soft,empirical,0.038000018469796996,0.0,0.076000036940594
HAR__02,five,hard,empirical,0.03294839643608771,0.0,0.06589679287317543
HAR__02,five,soft,empirical,0.019109076947935705,0.0,0.03821815389687141
HAR__02,median,hard,empirical,0.0383544645397893,0.012202599939921099,0.07670892908057861
HAR__02,median,soft,empirical,0.0383544645397893,0.022161670772051698,0.07670892908057861
HAR__02,spread,hard,empirical,0.1272206716844917,0.0035765502132995997,0.25444134336998336
HAR__02,spread,soft,empirical,0.1272206716844926,0.0,0.2544413433699852
HAR__03,five,hard,empirical,0.008781459536637226,0.0005594644925639002,0.01756291907427445
HAR__03,five,soft,empirical,0.00579553369155017,0.00010888914224400003,0.01159106738410034
HAR__03,median,hard,empirical,0.022533139303269903,0.0,0.045066278607539804
HAR__03,median,soft,empirical,0.0185202475353655,0.0,0.037040495071730996
HAR__03,spread,hard,empirical,0.08475674924857249,0.0097773868971687,0.16951349849814498
HAR__03,spread,soft,empirical,0.08475674924856999,0.00027721450930119976,0.16951349849814
HAR__04,five,hard,empirical,0.019974067482773805,0.00026244356093899947,0.03994813496654761
HAR__04,five,soft,empirical,0.005625085665825896,0.00010186483845209954,0.011250171332651793
HAR__04,median,hard,empirical,0.046006796964868105,0.0,0.09201359393073621
HAR__04,median,soft,empirical,0.022133183933881806,0.0,0.04426636786876361
HAR__04,spread,hard,empirical,0.1182478446012265,0.0006561089023473,0.236495689203453
HAR__04,spread,soft,empirical,0.11824784460122831,0.0,0.23649568920345662
HAR__05,five,hard,empirical,0.011606986813298498,0.0,0.023213973627596994
HAR__05,five,soft,empirical,0.041505873610738805,0.0,0.08301174722247762
HAR__05,median,hard,empirical,0.0658878747972697,0.0057040103206248,0.1317757495955394
HAR__05,median,soft,empirical,0.022508387066021103,0.0,0.045016774133042205
HAR__05,spread,hard,empirical,0.03982996207900601,0.009766810135278201,0.07965992415901202
HAR__05,spread,soft,empirical,0.0348411587478968,0.0192310321957202,0.0696823174967936
HAR__06,five,hard,empirical,0.054182361716968594,0.0,0.1083647234349372
HAR__06,five,soft,empirical,0.012811904287630294,0.0,0.025623808576260586
HAR__06,median,hard,empirical,0.016216714315729498,0.021631003499424102,0.032433428632458995
HAR__06,median,soft,empirical,0.018986444145036,5.0133508455729725e-16,0.037972888291071996
HAR__06,spread,hard,empirical,0.0531219086983906,0.0,0.1062438173977812
HAR__06,spread,soft,empirical,0.0392915573795724,0.0,0.0785831147601448
HAR__07,five,hard,empirical,0.027087821187168796,0.0,0.05417564237533759
HAR__07,five,soft,empirical,0.025478280364720902,0.0,0.0509565607304418
HAR__07,median,hard,empirical,0.012461948007398999,0.0038882579292017,0.024923896015797996
HAR__07,median,soft,empirical,0.0040346776838575,0.002979014515833,0.008069355368715
HAR__07,spread,hard,empirical,0.007365316534102001,0.0,0.014730633069204002
HAR__07,spread,soft,empirical,0.0217984829595877,0.007612035619570299,0.043596965920175396
HAR__08,five,hard,empirical,0.0121346896128771,0.0,0.0242693792267542
HAR__08,five,soft,empirical,0.007857578074605902,0.0,0.015715156150211802
HAR__08,median,hard,empirical,0.014212202338375293,0.0,0.028424404677750585
HAR__08,median,soft,empirical,0.024283009944538296,0.0,0.04856601989007659
HAR__08,spread,hard,empirical,0.015333855904166097,0.0,0.030667711809332192
HAR__08,spread,soft,empirical,0.0282125256163696,0.0,0.0564250512337392
HAR__09,five,soft,empirical,0.26472083316458916,0.0,0.5294416663301783
HAR__09,median,soft,empirical,0.2641061919014523,0.1159517878203033,0.5282123838039046
HAR__09,spread,soft,empirical,0.6494196634084743,0.007855400798103207,1.2988393268179488
HAR__10,five,hard,empirical,0.09648745988396076,0.007247444524030394,0.19297491976892153
HAR__10,five,soft,empirical,0.1468898482227422,0.0006756446546506006,0.2937796964464844
HAR__10,median,hard,empirical,0.1267626611516023,0.0,0.2535253223042046
HAR__10,median,soft,empirical,0.08795776488071042,0.004846561198244399,0.17591552976242084
HAR__10,spread,hard,empirical,0.24835133613376298,0.0,0.49670267226852594
HAR__10,spread,soft,empirical,0.24835133613378188,0.0,0.49670267226856374
HAR__11,five,hard,empirical,0.0816950776031163,0.0008821404253247025,0.1633901552072326
HAR__11,five,soft,empirical,0.0830490149544269,0.00036591226434450064,0.1660980299098538
HAR__11,median,hard,empirical,0.0808404695753176,0.0,0.1616809391516352
HAR__11,median,soft,empirical,0.12368770719427591,0.00015237631888640087,0.24737541438955182
HAR__11,spread,hard,empirical,0.35518060147301045,0.0,0.7103612029470209
HAR__11,spread,soft,empirical,0.23326805650038798,0.0,0.46653611300177594
HAR__12,five,soft,empirical,0.011486154905758703,0.0,0.022972309812517404
HAR__12,median,soft,empirical,0.043948464545733895,0.00021055820721559973,0.0878969290924678
HAR__12,spread,soft,empirical,0.07719045409954509,0.00020788657067689984,0.15438090820009018
HAR__13,five,hard,empirical,0.048950249462903696,8.648762683480075e-05,0.0979004989268074
HAR__13,five,soft,empirical,0.013532358293309898,0.0,0.027064716587619796
HAR__13,median,hard,empirical,0.0280472272210867,0.0014470975417089002,0.056094454443173396
HAR__13,median,soft,empirical,0.014057416863939205,0.00041066221215545006,0.028114833728878408
HAR__13,spread,hard,empirical,0.07549392765806198,0.0,0.15098785531712397
HAR__13,spread,soft,empirical,0.06354126525490988,0.0,0.12708253051081977
HAR__15,five,hard,empirical,0.023575515014839996,0.00023719495315729922,0.04715103003067999
HAR__15,five,soft,empirical,0.008622903673140697,0.0,0.017245807347281393
HAR__15,median,hard,empirical,0.012058237158410395,0.0005929873828933001,0.02411647431782079
HAR__15,median,soft,empirical,0.028963953351724005,0.0,0.05792790670444801
HAR__15,spread,hard,empirical,0.0866853271276723,0.0,0.1733706542563446
HAR__15,spread,soft,empirical,0.09735910001974579,0.0,0.1947182000404916
HAR__16,five,hard,empirical,0.008628581084883201,0.0,0.0172571621707664
HAR__16,five,soft,empirical,0.006682979737111405,7.35789308022e-05,0.013365959475222811
HAR__16,median,hard,empirical,0.0175764472722848,0.0,0.0351528945455696
HAR__16,median,soft,empirical,0.012822128612922895,0.0,0.02564425722684579
HAR__16,spread,hard,empirical,0.0888836079520903,0.007438786682643701,0.1777672159051806
HAR__16,spread,soft,empirical,0.0722998336163409,0.0,0.1445996672336818
HAR__17,five,hard,empirical,0.1261556071238802,0.0,0.25231121424876035
HAR__17,five,soft,empirical,0.021636561218070893,0.0,0.043273122437141785
HAR__17,median,hard,empirical,0.0491007476031806,0.002619728923222,0.09820149520736121
HAR__17,median,soft,empirical,0.012413460796950798,0.0,0.024826921594901595
HAR__17,spread,hard,empirical,0.07630376347256491,0.0,0.15260752694612983
HAR__17,spread,soft,empirical,0.0763037634725667,0.0088546741400431,0.15260752694613341
HAR__18,five,soft,empirical,0.024365057303371906,0.0,0.04873011460774381
HAR__18,median,soft,empirical,0.012054107609136805,0.0,0.02410821521927361
HAR__18,spread,soft,empirical,0.06853505998505968,0.0,0.13707011997111937
HAR__19,five,hard,empirical,0.04787541470706819,0.0,0.09575082941513638
HAR__19,five,soft,empirical,0.0745568625654886,0.0,0.1491137251319772
HAR__19,median,hard,empirical,0.005783982128275801,0.0,0.011567964257551602
HAR__19,median,soft,empirical,0.006832637746174,0.0021403834439467995,0.013665275493348
HAR__19,spread,hard,empirical,0.0614493719379894,0.016621346844387798,0.1228987438769788
HAR__19,spread,soft,empirical,0.061449371937988495,0.0035689209278313002,0.122898743876977
HAR__20,five,hard,empirical,0.013669030513222803,0.0002839263335702013,0.027338061027445605
HAR__20,five,soft,empirical,0.011045001614774001,7.167934868600005e-05,0.022090003230548
HAR__20,median,hard,empirical,0.0209364539642194,0.0034437449290211,0.0418729079294388
HAR__20,median,soft,empirical,0.0193061832197307,0.0047761471721355,0.0386123664404614
HAR__20,spread,hard,empirical,0.13892397187826888,0.0016228808875133009,0.27784794375753774
HAR__20,spread,soft,empirical,0.1389239718782736,0.0,0.2778479437575472
HAR__21,five,hard,empirical,0.052361623829383905,0.0003049427842715998,0.10472324765976782
HAR__21,five,soft,empirical,0.009055099526422805,4.307520609219979e-05,0.01811019905384561
HAR__21,median,hard,empirical,0.027422413203200595,0.007514594208399499,0.05484482640740119
HAR__21,median,soft,empirical,0.012610568307358003,0.0094554413879165,0.025221136615716004
HAR__21,spread,hard,empirical,0.0840186209496798,0.009559457195345901,0.1680372419003596
HAR__21,spread,soft,empirical,0.0681977723665439,0.00024589622203540005,0.1363955447340878
HAR__22,five,hard,empirical,0.010422796594089699,0.0005035166743087996,0.020845593189179397
HAR__22,five,soft,empirical,0.0052069157224184925,4.177179078100005e-05,0.010413831445836986
HAR__22,median,hard,empirical,0.0331868647474211,0.00027234476773710034,0.0663737294958422
HAR__22,median,soft,empirical,0.009509780828107002,0.0,0.019019561657214003
HAR__22,spread,hard,empirical,0.08464136362774181,0.0017975871826977994,0.16928272725648363
HAR__22,spread,soft,empirical,0.07072407847927539,0.00020885895390480012,0.1414481569595508
HAR__23,five,hard,empirical,0.012716729660905896,0.0,0.02543345932281179
HAR__23,five,soft,empirical,0.006493975449741091,0.0,0.012987950900482182
HAR__23,median,hard,empirical,0.0227437676624233,0.0,0.045487535325846595
HAR__23,median,soft,empirical,0.022331045560483903,0.0,0.044662091121967805
HAR__23,spread,hard,empirical,0.027246070033432997,0.0,0.05449214006786599
HAR__23,spread,soft,empirical,0.0293261860476269,0.0,0.0586523720962538
HAR__24,five,soft,empirical,0.006285531727288796,0.00012728237869310058,0.012571063455577592
HAR__24,median,soft,empirical,0.008188328876000201,0.00022946441249549997,0.0163766577530004
HAR__24,spread,soft,empirical,0.07610460776882241,0.00020347374048529984,0.15220921553864483
HAR__25,five,hard,empirical,0.012101119350456907,0.0,0.024202238701913813
HAR__25,five,soft,empirical,0.015945991212108594,0.0,0.03189198242521719
HAR__25,median,hard,empirical,0.016690524577081978,0.0,0.033381049155163954
HAR__25,median,soft,empirical,0.0296209175266149,0.0,0.0592418350542298
HAR__25,spread,hard,empirical,0.0704784061471973,0.0002450207883164003,0.1409568122953946
HAR__25,spread,soft,empirical,0.07047840614719669,0.0,0.1409568122953934
HAR__26,five,hard,empirical,0.031996018015960304,0.0,0.06399203603292061
HAR__26,five,soft,empirical,0.0142883930388217,0.0,0.028576786078643397
HAR__26,median,hard,empirical,0.010607623792407109,0.0,0.021215247585814216
HAR__26,median,soft,empirical,0.025760352192529996,0.0,0.05152070438605999
HAR__26,spread,hard,empirical,0.13998622600138322,0.0,0.2799724520037664
HAR__26,spread,soft,empirical,0.07790887470457171,0.0,0.15581774941014342
HAR__27,five,hard,empirical,0.016732797785624705,0.0008085377129865992,0.03346559557224941
HAR__27,five,soft,empirical,0.004762186209302403,9.423791901689953e-05,0.009524372419604807
HAR__27,median,hard,empirical,0.028170846512885706,0.0,0.05634169302677141
HAR__27,median,soft,empirical,0.025636786784221897,0.0,0.051273573569443794
HAR__27,spread,hard,empirical,0.0959088534925501,0.0029781488390916,0.1918177069861002
HAR__27,spread,soft,empirical,0.0959088534925521,0.00025588165146359955,0.1918177069861042
HAR__28,five,hard,empirical,0.020219956916544324,0.00027382520346409985,0.040439913834088646
HAR__28,five,soft,empirical,0.019851961331745605,0.0,0.03970392266449121
HAR__28,median,hard,empirical,0.0451746201614328,0.0,0.09034924032386561
HAR__28,median,soft,empirical,0.013472406977794001,0.0002421242606298001,0.026944813956588
HAR__28,spread,hard,empirical,0.0682968699509188,0.00144927274769,0.1365937399028376
HAR__28,spread,soft,empirical,0.068296869950918,0.0,0.136593739902836
HAR__29,five,hard,empirical,0.03505098166096429,0.0002765325818777,0.07010196332292859
HAR__29,five,soft,empirical,0.019695735960082894,1.6269726855000846e-06,0.03939147192116579
HAR__29,median,hard,empirical,0.026266500704272697,0.0,0.05253300140954539
HAR__29,median,soft,empirical,0.011830208288620497,0.0,0.023660416578240993
HAR__29,spread,hard,empirical,0.09129137936777139,0.0,0.18258275873654278
HAR__29,spread,soft,empirical,0.0760968504661989,0.00023616162134810006,0.15219370093339782
HAR__30,five,hard,empirical,0.032271254249565,0.0,0.06454250850013
HAR__30,five,soft,empirical,0.018668598124436414,0.00011815848177069987,0.03733719624987283
HAR__30,median,hard,empirical,0.1142077850434395,0.0,0.228415570087879
HAR__30,median,soft,empirical,0.031920507257577495,0.0,0.063841014516155
HAR__30,spread,hard,empirical,0.0628590604259365,0.009701026395306499,0.125718120852873
HAR__30,spread,soft,empirical,0.0756775889598943,0.0,0.15135517792078862
HAR__31,five,hard,empirical,0.0125824534310802,0.0,0.025164906863160398
HAR__31,five,soft,empirical,0.0061568229896531955,0.0,0.012313645980306391
HAR__31,median,hard,empirical,0.010666425803218388,0.0,0.021332851607436774
HAR__31,median,soft,empirical,0.0126354018784498,0.0,0.0252708037578996
HAR__31,spread,hard,empirical,0.049592691961441504,0.0,0.09918538392388301
HAR__31,spread,soft,empirical,0.0414108295889666,0.0,0.08282165917893321
HAR__32,five,hard,empirical,0.032271254249565,0.0,0.06454250850013
HAR__32,five,soft,empirical,0.018668598124436414,0.00011815848177069987,0.03733719624987283
HAR__32,median,hard,empirical,0.1142077850434395,0.0,0.228415570087879
HAR__32,median,soft,empirical,0.031920507257577495,0.0,0.063841014516155
HAR__32,spread,hard,empirical,0.0628590604259365,0.009701026395306499,0.125718120852873
HAR__32,spread,soft,empirical,0.0756775889598943,0.0,0.15135517792078862
HAR__33,five,hard,empirical,0.0125824534310802,0.0,0.025164906863160398
HAR__33,five,soft,empirical,0.0061568229896531955,0.0,0.012313645980306391
HAR__33,median,hard,empirical,0.010666425803218388,0.0,0.021332851607436774
HAR__33,median,soft,empirical,0.0126354018784498,0.0,0.0252708037578996
HAR__33,spread,hard,empirical,0.049592691961441504,0.0,0.09918538392388301
HAR__33,spread,soft,empirical,0.0414108295889666,0.0,0.08282165917893321
HAR__34,five,hard,empirical,0.0132422961079222,0.0,0.026484592216844398
HAR__34,five,soft,empirical,0.013672709340284611,0.0,0.02734541868156922
HAR__34,median,hard,empirical,0.01772394276403501,0.0,0.035447885529070015
HAR__34,median,soft,empirical,0.027316990584588502,0.0,0.054633981170177
HAR__34,spread,hard,empirical,0.1130139295922247,0.0,0.2260278591854494
HAR__34,spread,soft,empirical,0.09549867952451399,0.00026242767455530005,0.190997359050028
HAR__35,five,hard,empirical,0.005156151829637801,0.00015851847242989974,0.010312303660275602
HAR__35,five,soft,empirical,0.005939417190044399,0.0,0.011878834381088799
HAR__35,median,hard,empirical,0.017745532558005983,0.0022765161590520997,0.035491065117011965
HAR__35,median,soft,empirical,0.033008906570266006,0.0,0.06601781314153202
HAR__35,spread,hard,empirical,0.097863961582688,0.0005605763306079994,0.195727923166376
HAR__35,spread,soft,empirical,0.0978639615826832,0.0002408227476179,0.19572792316636642
HAR__36,five,hard,empirical,0.0339072430616527,0.0007848400322074001,0.0678144861243054
HAR__36,five,soft,empirical,0.0318308079620308,0.0,0.0636616159250616
HAR__36,median,hard,empirical,0.0422191584680594,0.0,0.08443831693711881
HAR__36,median,soft,empirical,0.024211820557233598,0.0009457495919376994,0.048423641115467195
HAR__36,spread,hard,empirical,0.0805326855451563,0.0019975745621787005,0.1610653710913126
HAR__36,spread,soft,empirical,0.0904899084346005,0.0,0.180979816870201
HAR__37,five,hard,empirical,0.028450085798380015,7.233448811720059e-05,0.05690017159776003
HAR__37,five,soft,empirical,0.04656994981886761,4.452721149189988e-05,0.09313989963873523
HAR__37,median,hard,empirical,0.0309022633510207,0.0,0.0618045267030414
HAR__37,median,soft,empirical,0.013922388104848901,0.004672129376156999,0.0278447762106978
HAR__37,spread,hard,empirical,0.0753892984031123,0.0,0.1507785968072246
HAR__37,spread,soft,empirical,0.0850504470992754,0.00022263605745980006,0.1701008941995508
HAR__38,five,hard,empirical,0.02325694433550407,0.0,0.04651388867200814
HAR__38,five,soft,empirical,0.03418145067693089,0.0,0.06836290135486178
HAR__38,median,hard,empirical,0.020692621194406097,0.0,0.04138524238981219
HAR__38,median,soft,empirical,0.0087708019707584,0.0024893241743011,0.0175416039425168
HAR__38,spread,hard,empirical,0.1115734203509252,0.0002301252971155989,0.2231468407028504
HAR__38,spread,soft,empirical,0.095860663148778,0.0029615426732125,0.191721326298556
HAR__39,five,hard,empirical,0.017196722358063465,0.00010505944598190008,0.03439344471712693
HAR__39,five,soft,empirical,0.0551771990384044,4.88529577677998e-05,0.11035439807780881
HAR__39,median,hard,empirical,0.008173063272645002,0.0,0.016346126546290002
HAR__39,median,soft,empirical,0.0098935527960452,1.8951456108199998e-05,0.0197871055930904
HAR__39,spread,hard,empirical,0.0770670379478867,0.000525297229909601,0.15413407589677341
HAR__39,spread,soft,empirical,0.06254773459733659,0.0,0.1250954691956732
HeartFailure__00,five,hard,empirical,0.008135716059307602,0.00024033456756549984,0.016271432119615202
HeartFailure__00,five,soft,empirical,0.005026858997360398,0.0,0.010053717995720796
HeartFailure__00,median,hard,empirical,0.09393818016360081,0.0009910799183887996,0.18787636032820162
HeartFailure__00,median,soft,empirical,0.007100616714777699,0.0030640982946799,0.0142012334305554
HeartFailure__00,spread,hard,empirical,0.0130320277693689,0.0019844136347151008,0.0260640555397378
HeartFailure__00,spread,soft,empirical,0.0153505144278664,0.0,0.030701028856732798
HeartFailure__01,five,hard,empirical,0.028661045682486296,3.765843026219944e-05,0.05732209136597259
HeartFailure__01,five,soft,empirical,0.024806752861216197,0.0014643344250453998,0.04961350572343239
HeartFailure__01,median,hard,empirical,0.027002691737059804,0.0035978653156421,0.05400538347511961
HeartFailure__01,median,soft,empirical,0.040555336622003904,0.0037203415659121,0.08111067324500781
HeartFailure__01,spread,hard,empirical,0.012397338719401997,0.00018829215131099981,0.024794677439803993
HeartFailure__01,spread,soft,empirical,0.0357423615252538,0.0,0.0714847230515076
HeartFailure__02,five,hard,empirical,0.0243794394958144,0.0006553498468240002,0.0487588789926288
HeartFailure__02,five,soft,empirical,0.006562035379448904,4.694684632180037e-05,0.013124070759897808
HeartFailure__02,median,hard,empirical,0.0995165234731617,0.0019315873176920001,0.1990330469473234
HeartFailure__02,median,soft,empirical,0.0108083256546999,0.0019315873176922,0.0216166513103998
HeartFailure__02,spread,hard,empirical,0.0638670271649351,0.0008997478222469001,0.1277340543308702
HeartFailure__02,spread,soft,empirical,0.016517024129671598,0.0,0.033034048260343195
HeartFailure__03,five,hard,empirical,0.0095563807706343,0.0,0.019112761542268597
HeartFailure__03,five,soft,empirical,0.009183958498791,0.0,0.018367916998582
HeartFailure__03,median,hard,empirical,0.0081906334936431,0.001877193198838699,0.016381266988286198
HeartFailure__03,median,soft,empirical,0.005973914915371899,0.007104173852284799,0.011947829831743799
HeartFailure__03,spread,hard,empirical,0.023408223121538597,0.0033882129641475004,0.046816446244077194
HeartFailure__03,spread,soft,empirical,0.023408223121539097,0.0,0.04681644624407819
HeartFailure__04,five,hard,empirical,0.009091025506134387,0.0,0.018182051013268773
HeartFailure__04,five,soft,empirical,0.014102056528381597,0.0,0.028204113057763193
HeartFailure__04,median,hard,empirical,0.010933385219178601,0.0,0.0218667704393572
HeartFailure__04,median,soft,empirical,0.023245905766800898,0.0,0.046491811534601794
HeartFailure__04,spread,hard,empirical,0.0371469124594077,0.0005202831738046997,0.0742938249198154
HeartFailure__04,spread,soft,empirical,0.037146912459407204,0.00022042476926739966,0.07429382491981441
HeartFailure__05,five,hard,empirical,0.026366845984101883,0.001362175485106502,0.052733691969203765
HeartFailure__05,five,soft,empirical,0.042458258871347396,0.00012744102882969975,0.0849165177436948
HeartFailure__05,median,hard,empirical,0.044264230013184004,0.0052473368687131,0.08852846002736801
HeartFailure__05,median,soft,empirical,0.0349834022074592,0.0006372051441482997,0.0699668044159184
HeartFailure__05,spread,hard,empirical,0.052163707930995395,0.0259005086198259,0.1043274158629908
HeartFailure__05,spread,soft,empirical,0.0579404464207088,0.0518076045982091,0.11588089284241761
ILPD__00,five,hard,empirical,0.007836132099705,0.0,0.01567226420041
ILPD__00,five,soft,empirical,0.006221217068590102,0.0,0.012442434138180204
ILPD__00,median,hard,empirical,0.012693082820949199,0.0,0.025386165642898396
ILPD__00,median,soft,empirical,0.004317671768671098,0.0,0.008635343538342196
ILPD__00,spread,hard,empirical,0.0256821070579015,0.0,0.051364214116802996
ILPD__00,spread,soft,empirical,0.015669702192573902,0.0,0.0313394043861478
ILPD__01,five,hard,empirical,0.092022941804735,0.0007377802965823996,0.18404588361047
ILPD__01,five,soft,empirical,0.116455884698661,0.00012496761315409968,0.232911769398322
ILPD__01,median,hard,empirical,0.059809533194790404,0.0122790297283118,0.11961906639058081
ILPD__01,median,soft,empirical,0.08296393734410601,0.012277995402078,0.16592787468921202
ILPD__01,spread,hard,empirical,0.16922085392895048,0.0009444609089193992,0.33844170785890093
ILPD__01,spread,soft,empirical,0.16095271567954073,0.005916866816412099,0.32190543136008143
ILPD__02,five,hard,empirical,0.0802194867116242,0.0003159341310855,0.1604389734242484
ILPD__02,five,soft,empirical,0.0843258840259937,3.7715643636200124e-05,0.1686517680529874
ILPD__02,median,hard,empirical,0.0640825968157838,0.0036086043338491997,0.1281651936325676
ILPD__02,median,soft,empirical,0.0857795079498152,0.00022302851244479993,0.1715590159006304
ILPD__02,spread,hard,empirical,0.1124343695631779,0.0,0.2248687391273558
ILPD__02,spread,soft,empirical,0.15843434757213248,2.4668875715300013e-05,0.31686869514526494
ILPD__03,five,hard,empirical,0.0160676314545233,0.0,0.0321352629100466
ILPD__03,five,soft,empirical,0.06130752847333999,0.0,0.12261505694767999
ILPD__03,median,hard,empirical,0.0161137347203332,0.0,0.0322274694416664
ILPD__03,median,soft,empirical,0.0570353668954033,0.0025243098791684,0.1140707337918066
ILPD__03,spread,hard,empirical,0.059117380736578504,0.0,0.11823476147415701
ILPD__03,spread,soft,empirical,0.06283329744450669,0.0018964312714740998,0.1256665948900134
ILPD__04,five,hard,empirical,0.0816767265413293,0.0,0.16335345308365862
ILPD__04,five,soft,empirical,0.18478142517097337,0.0,0.3695628503429467
ILPD__04,median,hard,empirical,0.0368428996361544,0.00022014484443579974,0.0736857992733088
ILPD__04,median,soft,empirical,0.05262799435740661,0.0030418916276317,0.10525598871581322
ILPD__04,spread,hard,empirical,0.0927955954869504,0.0,0.18559119097490082
ILPD__04,spread,soft,empirical,0.10548767814970059,0.0,0.21097535630040118
ILPD__05,five,hard,empirical,0.0803048440475596,0.0,0.1606096880961192
ILPD__05,five,soft,empirical,0.1456042990821442,0.0,0.2912085981652884
ILPD__05,median,hard,empirical,0.056131390473526,0.0062409813876545,0.112262780948052
ILPD__05,median,soft,empirical,0.0725052286420029,0.0004960164748835001,0.1450104572850058
ILPD__05,spread,hard,empirical,0.0665837742124052,0.0026874467476828007,0.1331675484258104
ILPD__05,spread,soft,empirical,0.1160248663749816,0.0,0.23204973275096322
ILPD__06,five,hard,empirical,0.007117876822701602,0.0,0.014235753646403204
ILPD__06,five,soft,empirical,0.004051226325938,0.0,0.008102452652876001
ILPD__06,median,hard,empirical,0.007230079593356496,0.0,0.014460159187712993
ILPD__06,median,soft,empirical,0.008458985357270101,0.0,0.0169179707155402
ILPD__06,spread,hard,empirical,0.015379354894950598,0.0,0.030758709790901194
ILPD__06,spread,soft,empirical,0.0131699714517333,0.0,0.026339942904466597
ILPD__07,five,hard,empirical,0.008440677649157298,0.0,0.016881355299314595
ILPD__07,five,soft,empirical,0.015876569500759295,0.0,0.03175313900251859
ILPD__07,median,hard,empirical,0.0061954246179099,0.0016966602666158006,0.0123908492368198
ILPD__07,median,soft,empirical,0.01949819945903311,0.0018435698634622,0.03899639891906622
ILPD__07,spread,hard,empirical,0.0076309550064423,0.0,0.0152619100138846
ILPD__07,spread,soft,empirical,0.005950797306380498,0.0,0.011901594613760997
ILPD__08,five,hard,empirical,0.020718345625417904,0.0,0.04143669125183581
ILPD__08,five,soft,empirical,0.0180407322609894,4.255539217399998e-06,0.0360814645229788
ILPD__08,median,hard,empirical,0.010041525414795999,9.996344030316351e-17,0.020083050830591996
ILPD__08,median,soft,empirical,0.010041525414795999,2.127769608630003e-05,0.020083050830591996
ILPD__08,spread,hard,empirical,0.05383419434697059,0.0026858406644074003,0.10766838869494119
ILPD__08,spread,soft,empirical,0.014223360500947298,0.00016640658128589997,0.028446721002894595
Retinopathy__00,five,hard,empirical,0.0049997259913968995,0.0,0.0099994519837938
Retinopathy__00,five,soft,empirical,0.017543759357702,0.0,0.035087518716404
Retinopathy__00,median,hard,empirical,0.008726151562609585,0.0009460310963107007,0.01745230312621917
Retinopathy__00,median,soft,empirical,0.0590938305181887,0.0,0.1181876610373774
Retinopathy__00,spread,hard,empirical,0.0172605397392834,0.0,0.0345210794795668
Retinopathy__00,spread,soft,empirical,0.0172605397392838,0.0,0.0345210794795676
Retinopathy__01,five,hard,empirical,0.0057802119361279325,0.0,0.011560423873255865
Retinopathy__01,five,soft,empirical,0.013762534499777698,0.0,0.027525069000555395
Retinopathy__01,median,hard,empirical,0.0071365350272127,0.0,0.014273070055425401
Retinopathy__01,median,soft,empirical,0.0591548974290787,0.0,0.11830979485915741
Retinopathy__01,spread,hard,empirical,0.021330612477293696,0.0,0.04266122495558739
Retinopathy__01,spread,soft,empirical,0.009070772815365398,0.0,0.018141545631730795
Retinopathy__02,five,hard,empirical,0.0075578861481863,0.0,0.0151157722973726
Retinopathy__02,five,soft,empirical,0.008733843336233098,0.0,0.017467686673466196
Retinopathy__02,median,hard,empirical,0.0180260650086905,0.0,0.036052130018381
Retinopathy__02,median,soft,empirical,0.046986357663266906,0.0,0.09397271532753382
Retinopathy__02,spread,hard,empirical,0.015935098503392798,0.0111628593241186,0.031870197007785595
Retinopathy__02,spread,soft,empirical,0.0070246992032706995,0.0,0.0140493984075414
Retinopathy__03,five,hard,empirical,0.005547234016600202,0.0,0.011094468034200404
Retinopathy__03,five,soft,empirical,0.0050160900497868005,0.0,0.010032180100573601
Retinopathy__03,median,hard,empirical,0.007219437653499,1.0018028073766061e-16,0.014438875307998
Retinopathy__03,median,soft,empirical,0.016918626610541693,5.000340419503146e-16,0.033837253222083384
Retinopathy__03,spread,hard,empirical,0.0114806240007134,0.0,0.0229612480024268
Retinopathy__03,spread,soft,empirical,0.0059923897751205,0.0,0.011984779551241
Retinopathy__04,five,hard,empirical,0.003960377930235702,0.0,0.007920755861471404
Retinopathy__04,five,soft,empirical,0.0038395079854518996,0.0,0.0076790159719038
Retinopathy__04,median,hard,empirical,0.0059661308208437,0.0021208281748782,0.011932261642687401
Retinopathy__04,median,soft,empirical,0.019143385204481396,0.0023937929338787,0.03828677040996279
Retinopathy__04,spread,hard,empirical,0.010456319870677501,0.0,0.020912639742355
Retinopathy__04,spread,soft,empirical,0.011052600862951999,0.0,0.022105201726903997
Retinopathy__05,five,hard,empirical,0.0075200687796119995,0.0,0.015040137560224
Retinopathy__05,five,soft,empirical,0.011918193367934,0.0,0.023836386736867998
Retinopathy__05,median,hard,empirical,0.017979047918479797,2.0003530082357557e-16,0.03595809583795959
Retinopathy__05,median,soft,empirical,0.0257148863169898,7.000693427738902e-16,0.051429772634979595
Retinopathy__05,spread,hard,empirical,0.020006492009851,0.0021633373186179,0.040012984020702
Retinopathy__05,spread,soft,empirical,0.0200064920098506,0.0,0.0400129840207012
Retinopathy__06,five,hard,empirical,0.0110204254789937,0.0,0.022040850958987397
Retinopathy__06,five,soft,empirical,0.0323086635029866,0.0,0.0646173270069732
Retinopathy__06,median,hard,empirical,0.0338376361787496,0.0035421907475143,0.06767527235849921
Retinopathy__06,median,soft,empirical,0.0671818884703841,0.0018256286132002,0.1343637769417682
Retinopathy__06,spread,hard,empirical,0.0114201170909052,0.0012954147288041003,0.0228402341828104
Retinopathy__06,spread,soft,empirical,0.04018085926638179,0.0,0.08036171853376359
Retinopathy__07,five,hard,empirical,0.019163782643489797,0.0021392147060542996,0.03832756528797959
Retinopathy__07,five,soft,empirical,0.0335204316798502,0.0,0.0670408633607004
Retinopathy__07,median,hard,empirical,0.0368101127329285,0.0,0.07362022546685701
Retinopathy__07,median,soft,empirical,0.052773741957459,0.0,0.105547483915918
Retinopathy__07,spread,hard,empirical,0.024419622081323304,0.0025858348356853997,0.04883924416364661
Retinopathy__07,spread,soft,empirical,0.027014522739903596,0.0067741234178622,0.05402904548080719
Retinopathy__08,five,hard,empirical,0.032094456114313,0.0,0.064188912229626
Retinopathy__08,five,soft,empirical,0.0393554048405867,0.0,0.07871080968217341
Retinopathy__08,median,hard,empirical,0.0355214342613684,0.0036211700213075997,0.0710428685237368
Retinopathy__08,median,soft,empirical,0.0310020679650945,0.0,0.062004135931188996
Retinopathy__08,spread,hard,empirical,0.037487814676386504,0.0039073376989859,0.07497562935377301
Retinopathy__08,spread,soft,empirical,0.035447414217693,0.0041891329040635,0.070894828436386
Retinopathy__09,five,hard,empirical,0.035226268127428094,0.0,0.0704525362558562
Retinopathy__09,five,soft,empirical,0.046217440922636396,0.0007303157661386998,0.0924348818462728
Retinopathy__09,median,hard,empirical,0.022686914071774998,0.0057830771872311995,0.045373828144549995
Retinopathy__09,median,soft,empirical,0.040318690844046004,7.217695444640003e-05,0.08063738168909201
Retinopathy__09,spread,hard,empirical,0.1303376391133656,0.0005007817512311004,0.2606752782277312
Retinopathy__09,spread,soft,empirical,0.07188242217150179,0.0,0.14376484434400358
Retinopathy__10,five,soft,empirical,0.14606441982288698,0.0027138450351827,0.29212883964677394
Retinopathy__10,median,soft,empirical,0.08658984175798472,3.0453851870002654e-07,0.17317968351696944
Retinopathy__10,spread,soft,empirical,0.143982810375751,0.0,0.287965620752502
Retinopathy__14,five,hard,empirical,0.0195149136068363,0.0,0.039029827214672595
Retinopathy__14,five,soft,empirical,0.017812009983407203,0.0031007182410361,0.035624019967814405
Retinopathy__14,median,hard,empirical,0.0223690865731514,0.0076917608076313,0.0447381731473028
Retinopathy__14,median,soft,empirical,0.0081191874776025,0.0,0.016238374956204997
Retinopathy__14,spread,hard,empirical,0.0502786374523909,0.0167718626338842,0.1005572749057818
Retinopathy__14,spread,soft,empirical,0.048809850990952704,0.020959805838410398,0.09761970198290541
Retinopathy__15,five,hard,empirical,0.005940143449418099,0.0,0.011880286899836199
Retinopathy__15,five,soft,empirical,0.0107234917246176,0.0009231682121663997,0.0214469834502352
Retinopathy__15,median,hard,empirical,0.012665737465096201,0.0,0.0253314749311924
Retinopathy__15,median,soft,empirical,0.016043924138300296,0.0011138001029457004,0.03208784827760059
Retinopathy__15,spread,hard,empirical,0.0333017414618737,0.0,0.06660348292474741
Retinopathy__15,spread,soft,empirical,0.0169639312925318,0.0090366408683754,0.0339278625860636
WDBC__00,five,hard,empirical,0.004849893780413601,0.0,0.009699787561827202
WDBC__00,five,soft,empirical,0.0123318660551263,0.0,0.024663732111252598
WDBC__00,median,hard,empirical,0.014871765012290289,0.0,0.029743530025580577
WDBC__00,median,soft,empirical,0.0100662207194211,0.0026661941868823995,0.0201324414398422
WDBC__00,spread,hard,empirical,0.0181634703354207,0.0053450561735134,0.0363269406718414
WDBC__00,spread,soft,empirical,0.0451838681784311,0.0,0.0903677363578622
WDBC__01,five,hard,empirical,0.0128141248928389,0.0,0.025628249786677798
WDBC__01,five,soft,empirical,0.0350881634699742,0.0,0.0701763269409484
WDBC__01,median,hard,empirical,0.0117278374554072,0.0,0.023455674911814398
WDBC__01,median,soft,empirical,0.0138712308747591,0.0,0.0277424617505182
WDBC__01,spread,hard,empirical,0.0237496776959259,0.0,0.0474993553928518
WDBC__01,spread,soft,empirical,0.0100093792383062,0.0,0.0200187584776124
WDBC__02,five,hard,empirical,0.007015182642644058,0.0015481419450395,0.014030365286288116
WDBC__02,five,soft,empirical,0.010796840324136999,0.0015384577417814002,0.021593680649273996
WDBC__02,median,hard,empirical,0.006952160949139202,0.0,0.013904321899278404
WDBC__02,median,soft,empirical,0.006952160949139202,0.0022210332889258,0.013904321899278404
WDBC__02,spread,hard,empirical,0.017770662325444903,0.0010736087084096003,0.035541324651889805
WDBC__02,spread,soft,empirical,0.0482179493352677,0.0057281087369009,0.0964358986715354
WDBC__03,five,hard,empirical,0.0061744174179767,0.0,0.0123488348369534
WDBC__03,five,soft,empirical,0.0127432183246062,0.0,0.0254864366502124
WDBC__03,median,hard,empirical,0.020345513220567598,0.0,0.040691026442135195
WDBC__03,median,soft,empirical,0.007743671562988205,0.0,0.015487343126976411
WDBC__03,spread,hard,empirical,0.008626889902407599,0.0,0.017253779805815196
WDBC__03,spread,soft,empirical,0.03952546375537771,0.0,0.07905092751175542
WDBC__04,five,hard,empirical,0.007744316512136196,0.0,0.015488633025272392
WDBC__04,five,soft,empirical,0.0184015762117304,0.0025429498746312,0.0368031524244608
WDBC__04,median,hard,empirical,0.005643213594944199,0.0,0.011286427190888399
WDBC__04,median,soft,empirical,0.017022274956026102,0.0086670884438853,0.034044549913052204
WDBC__04,spread,hard,empirical,0.038797093465238894,0.0014171600281601,0.0775941869314778
WDBC__04,spread,soft,empirical,0.0387970934652378,0.0,0.0775941869314756
WDBC__05,five,hard,empirical,0.008332705584305898,0.0,0.016665411169611795
WDBC__05,five,soft,empirical,0.0106252360866994,0.0,0.0212504721743988
WDBC__05,median,hard,empirical,0.0125613983132681,0.0,0.0251227966275362
WDBC__05,median,soft,empirical,0.011445311276557901,0.0,0.0228906225541158
WDBC__05,spread,hard,empirical,0.024461194360480804,0.0,0.048922388721961606
WDBC__05,spread,soft,empirical,0.0244611943604807,0.0,0.0489223887219614
WDBC__06,five,hard,empirical,0.005269872740058499,0.0,0.010539745481116998
WDBC__06,five,soft,empirical,0.022483928000939495,0.0,0.04496785600287899
WDBC__06,median,hard,empirical,0.007576566460765301,0.0,0.015153132922530602
WDBC__06,median,soft,empirical,0.015206373082785798,0.0,0.030412746166571594
WDBC__06,spread,hard,empirical,0.0154809368905711,0.0,0.0309618737821422
WDBC__06,spread,soft,empirical,0.0365641290950322,0.0029805037420815,0.0731282581910644
WDBC__07,five,hard,empirical,0.009066667407503302,0.0,0.018133334816006604
WDBC__07,five,soft,empirical,0.012554295563703098,0.0,0.025108591128406195
WDBC__07,median,hard,empirical,0.014688094813513802,0.0037039405828325996,0.029376189628027603
WDBC__07,median,soft,empirical,0.015104061121237102,0.0058317159028527,0.030208122243474203
WDBC__07,spread,hard,empirical,0.0256396386032762,0.0054152904455156,0.0512792772075524
WDBC__07,spread,soft,empirical,0.0235790019397423,0.0068630523960432,0.0471580038804846
WDBC__08,five,hard,empirical,0.006801908479958501,0.0,0.013603816960917002
WDBC__08,five,soft,empirical,0.014324500832423502,0.0,0.028649001665847003
WDBC__08,median,hard,empirical,0.005531112868841,0.0,0.011062225738682001
WDBC__08,median,soft,empirical,0.0103473199927296,0.0002672599777256001,0.0206946399864592
WDBC__08,spread,hard,empirical,0.0121745855649808,0.0130473725313095,0.0243491711309616
WDBC__08,spread,soft,empirical,0.0303744121756537,0.0,0.0607488243523074
WDBC__09,five,hard,empirical,0.0100708955894791,0.0,0.0201417911799582
WDBC__09,five,soft,empirical,0.020250249914693298,0.0,0.040500499830386595
WDBC__09,median,hard,empirical,0.010394126487978599,0.010468262557375,0.020788252976957196
WDBC__09,median,soft,empirical,0.01945025546278,0.0049532948193013,0.03890051092656
WDBC__09,spread,hard,empirical,0.015529980219436797,0.0,0.031059960439873593
WDBC__09,spread,soft,empirical,0.013017705039330299,0.0,0.026035410079660596
WDBC__10,five,hard,empirical,0.010730055156845903,0.0,0.021460110314691805
WDBC__10,five,soft,empirical,0.0137884487225893,0.0028652892218163,0.027576897446178597
WDBC__10,median,hard,empirical,0.014721820368304297,0.0,0.029443640737608592
WDBC__10,median,soft,empirical,0.0209250972660561,0.0,0.0418501945331122
WDBC__10,spread,hard,empirical,0.0326812603603498,0.002284631983016,0.06536252072169961
WDBC__10,spread,soft,empirical,0.032681260360350906,4.0007060164715114e-16,0.06536252072170182
WDBC__11,five,hard,empirical,0.005507221022995196,0.0,0.011014442046990392
WDBC__11,five,soft,empirical,0.011124532327491003,0.0,0.022249064655982004
WDBC__11,median,hard,empirical,0.007829425876472097,0.0,0.015658851753944193
WDBC__11,median,soft,empirical,0.0079023875436237,0.0,0.0158047750882474
WDBC__11,spread,hard,empirical,0.0236592957431,0.0,0.047318591487199996
WDBC__11,spread,soft,empirical,0.0236592957431001,0.0,0.0473185914872002
WDBC__12,five,hard,empirical,0.014895288888612496,0.0,0.02979057777822499
WDBC__12,five,soft,empirical,0.004075156283582307,0.0,0.008150312568164614
WDBC__12,median,hard,empirical,0.009693269141121601,0.005987116751579401,0.0193865382832432
WDBC__12,median,soft,empirical,0.009693269141121601,0.0,0.0193865382832432
WDBC__12,spread,hard,empirical,0.029839196691725398,0.0021215958491600006,0.059678393384450794
WDBC__12,spread,soft,empirical,0.010342753778685099,0.0,0.020685507558370196
WDBC__13,five,hard,empirical,0.022540040546085806,0.0,0.04508008109317161
WDBC__13,five,soft,empirical,0.025552334761771097,0.0003753390795455001,0.05110466952454219
WDBC__13,median,hard,empirical,0.01290173061612343,0.005034307946535899,0.02580346123324686
WDBC__13,median,soft,empirical,0.0164356089963974,0.0003960300096973,0.0328712179937948
WDBC__13,spread,hard,empirical,0.06874929709439109,0.0,0.1374985941897822
WDBC__13,spread,soft,empirical,0.0687492970943918,0.0055467067446257,0.1374985941897836
WDBC__14,five,hard,empirical,0.008373737881901197,0.0,0.016747475764802393
WDBC__14,five,soft,empirical,0.0242234355935161,0.0,0.048446871188032196
WDBC__14,median,hard,empirical,0.005884979638920701,0.002548678466276399,0.011769959278841403
WDBC__14,median,soft,empirical,0.005798860727040899,0.0,0.011597721455081799
WDBC__14,spread,hard,empirical,0.025327555235502397,0.0,0.05065511047200479
WDBC__14,spread,soft,empirical,0.0374935670952245,0.0054720287433589,0.074987134191449
WDBC__15,five,hard,empirical,0.013257899221639804,0.0,0.026515798444279606
WDBC__15,five,soft,empirical,0.0326883447072928,0.0,0.06537668941558561
WDBC__15,median,hard,empirical,0.007753377155650595,0.0028450844960322998,0.015506754312301191
WDBC__15,median,soft,empirical,0.0318349841215857,0.0065419816917184,0.0636699682441714
WDBC__15,spread,hard,empirical,0.014452264527860699,0.0103041555274316,0.028904529056721397
WDBC__15,spread,soft,empirical,0.0692089630062148,0.0103041555274319,0.13841792601342962
WDBC__16,five,hard,empirical,0.0107045118585289,0.0,0.0214090237180578
WDBC__16,five,soft,empirical,0.0231225033448113,0.0,0.0462450066906226
WDBC__16,median,hard,empirical,0.0172961065629465,0.0,0.034592213126893
WDBC__16,median,soft,empirical,0.018485491558655,0.0,0.03697098311831
WDBC__16,spread,hard,empirical,0.0236268552040673,9.996344030316351e-17,0.0472537104091346
WDBC__16,spread,soft,empirical,0.0702052214222867,0.0002029797315159001,0.1404104428455734
WDBC__17,five,hard,empirical,0.0099469662946815,0.0,0.019893932590362998
WDBC__17,five,soft,empirical,0.014325747879359297,0.0,0.028651495759718593
WDBC__17,median,hard,empirical,0.0104039947167041,0.0037016403822230995,0.0208079894344082
WDBC__17,median,soft,empirical,0.011501354941985698,5.481749628800112e-06,0.023002709884971394
WDBC__17,spread,hard,empirical,0.034772608522084,0.0004995579191951005,0.069545217045168
WDBC__17,spread,soft,empirical,0.021577489373371703,0.0060822137986495,0.043154978747743405
WDBC__18,five,hard,empirical,0.004873440257755296,0.0,0.009746880516510592
WDBC__18,five,soft,empirical,0.0103351749496692,0.0,0.0206703499003384
WDBC__18,median,hard,empirical,0.008122400429592197,0.0,0.016244800860184393
WDBC__18,median,soft,empirical,0.011869703855970302,0.0002935589109134,0.023739407712940603
WDBC__18,spread,hard,empirical,0.021070330265139398,0.0002587088203905002,0.042140660531278795
WDBC__18,spread,soft,empirical,0.0244616031262045,0.0,0.048923206253409
WDBC__19,five,hard,empirical,0.014111932488958501,0.0,0.028223864978917
WDBC__19,five,soft,empirical,0.0408605812884952,0.0,0.0817211625779904
WDBC__19,median,hard,empirical,0.021916162189809896,0.002397969286239399,0.04383232438061979
WDBC__19,median,soft,empirical,0.044545611339444395,0.0007810515785124001,0.0890912226798888
WDBC__19,spread,hard,empirical,0.026136705481628997,0.0,0.05227341096425799
WDBC__19,spread,soft,empirical,0.048927291661844396,0.0,0.0978545833246888
WDBC__20,five,hard,empirical,0.006024194025295601,0.0,0.012048388051591202
WDBC__20,five,soft,empirical,0.009498796225372603,0.0,0.018997592451745204
WDBC__20,median,hard,empirical,0.014180271967901701,0.0,0.0283605439368034
WDBC__20,median,soft,empirical,0.005008210485544602,0.0,0.010016420972089204
WDBC__20,spread,hard,empirical,0.018338012533827303,0.0,0.036676025068654604
WDBC__20,spread,soft,empirical,0.011439643460820992,0.0,0.022879286922641982
WDBC__21,five,hard,empirical,0.011872507364131396,0.0,0.02374501472926279
WDBC__21,five,soft,empirical,0.0063779610524804,0.0,0.0127559221059608
WDBC__21,median,hard,empirical,0.009219994035609802,0.0,0.018439988072219603
WDBC__21,median,soft,empirical,0.004050121999448701,0.0025612716650799,0.008100243999897403
WDBC__21,spread,hard,empirical,0.0197312055689703,6.999609225566417e-16,0.0394624111389406
WDBC__21,spread,soft,empirical,0.0197312055689697,9.003214840319629e-16,0.0394624111389394
WDBC__22,five,hard,empirical,0.007216196407485,0.0,0.01443239281597
WDBC__22,five,soft,empirical,0.017041602103683398,0.0,0.034083204208366795
WDBC__22,median,hard,empirical,0.02279735213748041,0.0089795154765175,0.045594704275960816
WDBC__22,median,soft,empirical,0.0182706207107825,0.0,0.036541241422565
WDBC__22,spread,hard,empirical,0.0239366861661352,0.0,0.0478733723332704
WDBC__22,spread,soft,empirical,0.043643881920723,0.0,0.087287763842446
WDBC__23,five,hard,empirical,0.011480094817940403,0.0,0.022960189636880804
WDBC__23,five,soft,empirical,0.0216215843013493,0.0,0.0432431686036986
WDBC__23,median,hard,empirical,0.0120482005429516,0.0,0.0240964010869032
WDBC__23,median,soft,empirical,0.0094856865309617,0.005612599545370901,0.0189713730629234
WDBC__23,spread,hard,empirical,0.003211960437460401,0.0,0.0064239208759208025
WDBC__23,spread,soft,empirical,0.009333010438441897,0.0,0.018666020877883792
WDBC__24,five,hard,empirical,0.006788703744961211,0.0,0.013577407490922422
WDBC__24,five,soft,empirical,0.0159069858602248,0.0,0.0318139717214496
WDBC__24,median,hard,empirical,0.011061486813851598,0.003787791297605001,0.022122973628703194
WDBC__24,median,soft,empirical,0.0150618167414715,0.0029276781445953,0.030123633483942997
WDBC__24,spread,hard,empirical,0.018134065271974,0.0049153347156037,0.036268130544948
WDBC__24,spread,soft,empirical,0.029769694512268893,0.0023534750982802,0.059539389025537785
WDBC__25,five,hard,empirical,0.0095247128471607,0.0,0.0190494256953214
WDBC__25,five,soft,empirical,0.011125741643652999,0.0,0.022251483288305996
WDBC__25,median,hard,empirical,0.011323853633982202,0.0028656974824483,0.022647707268964402
WDBC__25,median,soft,empirical,0.0070228053694429,0.0,0.0140456107398858
WDBC__25,spread,hard,empirical,0.022868531759039298,0.0051934809405355,0.045737063519078594
WDBC__25,spread,soft,empirical,0.0303005819690501,0.0066752093001697,0.0606011639391002
WDBC__26,five,hard,empirical,0.011319289985008002,0.0,0.022638579971016003
WDBC__26,five,soft,empirical,0.0195527722025268,0.0,0.0391055444060536
WDBC__26,median,hard,empirical,0.0122593226584542,0.0040760720732582,0.0245186453179084
WDBC__26,median,soft,empirical,0.0063802516369845,0.0054588963472559995,0.012760503274969
WDBC__26,spread,hard,empirical,0.0191885398966344,0.0,0.0383770797942688
WDBC__26,spread,soft,empirical,0.028378686684407902,0.0,0.0567573733698158
WDBC__27,five,hard,empirical,0.007388702685597201,0.0,0.014777405372194402
WDBC__27,five,soft,empirical,0.015309103997164897,0.0,0.030618207995329792
WDBC__27,median,hard,empirical,0.005831739255885898,0.0,0.011663478512771797
WDBC__27,median,soft,empirical,0.0097520169796211,0.0038902050978710002,0.0195040339602422
WDBC__27,spread,hard,empirical,0.0069582507107722,0.0,0.0139165014225444
WDBC__27,spread,soft,empirical,0.0152176868075869,0.0,0.030435373616173798
WDBC__28,five,hard,empirical,0.0217804049189258,0.0,0.0435608098388516
WDBC__28,five,soft,empirical,0.006114563513881099,0.0,0.012229127028762199
WDBC__28,median,hard,empirical,0.013148087427599986,0.0009816182751813999,0.02629617485619997
WDBC__28,median,soft,empirical,0.008183617838418616,0.0009816182751813999,0.01636723567783723
WDBC__28,spread,hard,empirical,0.010010545288810799,0.0,0.020021090578621597
WDBC__28,spread,soft,empirical,0.010010545288810499,0.0,0.020021090578620997
WDBC__29,five,hard,empirical,0.011958173393602802,0.0,0.023916346788205603
WDBC__29,five,soft,empirical,0.021227400471142202,0.0,0.0424548009432844
WDBC__29,median,hard,empirical,0.016788208077601008,0.0038257154398771004,0.033576416156202014
WDBC__29,median,soft,empirical,0.011731994821287992,0.0,0.023463989643575982
WDBC__29,spread,hard,empirical,0.041829588195883304,0.0,0.08365917639276661
WDBC__29,spread,soft,empirical,0.0352569097441372,0.0,0.0705138194892744
Wrist__00,five,hard,empirical,0.013047401019649796,0.0,0.02609480204029959
Wrist__00,five,soft,empirical,0.00721949888327561,0.0,0.01443899776755122
Wrist__00,median,hard,empirical,0.026268335181328498,0.0,0.052536670363656994
Wrist__00,median,soft,empirical,0.022545133429250998,2.9989595893400067e-05,0.045090266859501994
Wrist__00,spread,hard,empirical,0.02874899951626711,0.0,0.05749799903353422
Wrist__00,spread,soft,empirical,0.09195785857951477,0.0,0.18391571716002955
Wrist__01,five,hard,empirical,0.009154310489688705,0.0,0.01830862098037741
Wrist__01,five,soft,empirical,0.016155722477194795,0.0,0.03231144495538959
Wrist__01,median,hard,empirical,0.0345585517641048,0.0,0.0691171035292096
Wrist__01,median,soft,empirical,0.0087853046563688,0.0,0.0175706093137376
Wrist__01,spread,hard,empirical,0.10932073729915012,0.0,0.21864147459930025
Wrist__01,spread,soft,empirical,0.21178134376291313,0.0026471215481629,0.42356268752682624
Wrist__02,five,hard,empirical,0.037019518366366494,0.0,0.074039036733733
Wrist__02,five,soft,empirical,0.027975375232281496,0.0,0.05595075046556299
Wrist__02,median,hard,empirical,0.0361211234936982,0.0002336711413086,0.0722422469883964
Wrist__02,median,soft,empirical,0.009440111844698201,0.0,0.0188802236903964
Wrist__02,spread,hard,empirical,0.161145387951223,0.0,0.32229077590344596
Wrist__02,spread,soft,empirical,0.17995424080164502,0.0,0.35990848160429
Wrist__03,five,hard,empirical,0.00844752010094929,0.0,0.01689504020289858
Wrist__03,five,soft,empirical,0.027199061979201494,0.0,0.05439812395940299
Wrist__03,median,hard,empirical,0.011787435116309593,0.0008641553548244998,0.023574870233619184
Wrist__03,median,soft,empirical,0.0186791537422144,0.0019414434369780997,0.0373583074854288
Wrist__03,spread,hard,empirical,0.024064308004375506,0.0,0.04812861600975101
Wrist__03,spread,soft,empirical,0.058694792506261084,0.0,0.11738958501352217
Wrist__04,five,hard,empirical,0.0406431906201164,0.0,0.0812863812412328
Wrist__04,five,soft,empirical,0.047919667842410696,0.0,0.0958393356858214
Wrist__04,median,hard,empirical,0.0401377994532498,0.0,0.0802755989074996
Wrist__04,median,soft,empirical,0.1271169496056031,0.0029450329146488,0.2542338992122062
Wrist__04,spread,hard,empirical,0.13003975839573004,0.0,0.26007951679246005
Wrist__04,spread,soft,empirical,0.0600006123569867,0.0,0.1200012247149734
assoc_bidmc_01,association,hard,empirical,0.0004303412109823018,0.0,0.0008606824229646036
assoc_bidmc_01,association,soft,empirical,6.358705870790002e-05,0.0,0.00012717411841580003
assoc_bidmc_02,association,hard,empirical,0.0036447438968000984,0.0,0.007289487794600197
assoc_bidmc_02,association,soft,empirical,0.00013821670650709938,0.0,0.00027643341401419877
assoc_bidmc_03,association,hard,empirical,0.00024607793251310225,0.0,0.0004921558660262045
assoc_bidmc_03,association,soft,empirical,3.4315132161299305e-05,0.0,6.863026532259861e-05
assoc_bidmc_04,association,hard,empirical,0.0007729044255316998,0.0,0.0015458088520633995
assoc_bidmc_04,association,soft,empirical,8.349504478769986e-05,0.0,0.00016699009057539972
assoc_bidmc_05,association,hard,empirical,0.009671952966823799,0.0,0.019343905934647597
assoc_bidmc_05,association,soft,empirical,1.258940663700003e-05,0.0,2.517881427400006e-05
assoc_bidmc_06,association,hard,empirical,0.001989336728734803,0.0,0.003978673458469606
assoc_bidmc_06,association,soft,empirical,0.00011483267007741937,0.0,0.00022966534115483874
assoc_bidmc_07,association,hard,empirical,0.013226306860390502,0.0,0.026452613721781003
assoc_bidmc_07,association,soft,empirical,0.00011374658910259794,0.0,0.00022749317920519587
assoc_bidmc_08,association,hard,empirical,0.006101005054771708,0.0,0.012202010110543416
assoc_bidmc_08,association,soft,empirical,7.575988270440426e-05,0.0,0.0001515197664088085
assoc_bidmc_09,association,hard,empirical,0.0021483945651182,0.0,0.004296789131236401
assoc_bidmc_09,association,soft,empirical,6.384550340030049e-05,0.0,0.00012769100780060097
assoc_bidmc_10,association,hard,empirical,0.0063197647492668,0.0,0.0126395294995336
assoc_bidmc_10,association,soft,empirical,0.00021064478897980105,0.0,0.0004212895789596021
assoc_bidmc_11,association,hard,empirical,0.004420127358689199,0.002577366101764799,0.008840254718378399
assoc_bidmc_11,association,soft,empirical,0.0001726770181014999,0.0,0.00034535403720299977
assoc_bidmc_12,association,hard,empirical,0.0009670959459475992,0.0,0.0019341918928951984
assoc_bidmc_12,association,soft,empirical,6.640597308819884e-05,0.0,0.00013281194717639768
assoc_bidmc_13,association,hard,empirical,0.00014613791479030358,0.0,0.00029227583058060716
assoc_bidmc_13,association,soft,empirical,3.362281449380278e-05,0.0,6.724562998760555e-05
assoc_bidmc_14,association,hard,empirical,0.008287655477197502,0.0,0.016575310955395002
assoc_bidmc_14,association,soft,empirical,4.062116542299238e-06,0.0,8.124234084598475e-06
assoc_bidmc_15,association,hard,empirical,0.007176022254987605,0.0,0.01435204451097521
assoc_bidmc_15,association,soft,empirical,9.519780963970076e-05,0.0,0.00019039562027940151
assoc_bidmc_16,association,hard,empirical,0.002639465700910497,0.0,0.005278931402820994
assoc_bidmc_16,association,soft,empirical,7.340504349909877e-05,0.0,0.00014681008799819753
assoc_bidmc_17,association,hard,empirical,8.325020949840126e-05,0.0,0.0001665004199968025
assoc_bidmc_17,association,soft,empirical,1.6740466018499295e-05,0.0,3.348093303699859e-05
assoc_bidmc_18,association,hard,empirical,0.007024970618232698,0.0,0.014049941237465396
assoc_bidmc_18,association,soft,empirical,4.456581730099933e-05,0.0,8.913163560199866e-05
assoc_bidmc_19,association,hard,empirical,0.0041013025274914,0.0026815858551869,0.0082026050559828
assoc_bidmc_19,association,soft,empirical,3.671263722340029e-05,0.0,7.342527544680058e-05
assoc_bidmc_20,association,hard,empirical,0.0052487800431361975,0.0,0.010497560087272395
assoc_bidmc_20,association,soft,empirical,5.264678333304074e-06,0.0,1.0529357666608147e-05
assoc_bidmc_21,association,hard,empirical,0.0021738488556742,0.0,0.0043476977123484
assoc_bidmc_21,association,soft,empirical,7.070371193290009e-05,0.0,0.00014140742486580017
assoc_bidmc_22,association,hard,empirical,0.0035415300023617004,0.0,0.007083060005723401
assoc_bidmc_22,association,soft,empirical,3.652048002630013e-05,0.0,7.304096105260026e-05
assoc_bidmc_23,association,hard,empirical,0.008316200179135397,0.0,0.016632400359270792
assoc_bidmc_23,association,soft,empirical,0.00019473520111349535,0.0,0.0003894704032269907
assoc_bidmc_24,association,hard,empirical,0.0022040123303201003,0.0020290208248510003,0.004408024661640201
assoc_bidmc_24,association,soft,empirical,4.892156620679971e-05,0.0,9.784313341359941e-05
assoc_bidmc_25,association,hard,empirical,0.004456277604608594,0.0,0.008912555210217188
assoc_bidmc_25,association,soft,empirical,0.0001837940157016077,0.0,0.0003675880324032154
assoc_bidmc_26,association,hard,empirical,0.0008951642068394995,0.0,0.001790328414678999
assoc_bidmc_26,association,soft,empirical,0.00012444582343330022,0.0,0.00024889164786660043
assoc_bidmc_27,association,hard,empirical,0.0010407791742883012,0.0,0.0020815583495766023
assoc_bidmc_27,association,soft,empirical,0.0002768492735954996,0.0,0.0005536985481909991
assoc_bidmc_28,association,hard,empirical,0.00011342691203190033,0.0,0.00022685382506380065
assoc_bidmc_28,association,soft,empirical,0.0002488846730055007,0.0,0.0004977693470110014
assoc_bidmc_29,association,hard,empirical,0.0057538546461758,0.0,0.0115077092933516
assoc_bidmc_29,association,soft,empirical,1.7451553076010262e-06,0.0,3.4903116152020523e-06
assoc_bidmc_30,association,hard,empirical,0.00016298109769299907,0.0,0.00032596219638599813
assoc_bidmc_30,association,soft,empirical,1.9965774001290404e-05,0.0,3.993154900258081e-05
assoc_bidmc_31,association,hard,empirical,0.001868259782502095,0.0,0.00373651956600419
assoc_bidmc_31,association,soft,empirical,0.00020298031883650425,0.0,0.0004059606386730085
assoc_bidmc_32,association,hard,empirical,0.004870609803678011,0.0,0.009741219608356022
assoc_bidmc_32,association,soft,empirical,7.632139955709993e-05,0.0,0.00015264280011419986
assoc_bidmc_33,association,hard,empirical,0.0023004054356860993,0.00022242133245699985,0.004600810872372199
assoc_bidmc_33,association,soft,empirical,0.00013320579211619984,0.0,0.0002664115852323997
assoc_bidmc_34,association,hard,empirical,0.0040582376882113,0.0,0.0081164753774226
assoc_bidmc_34,association,soft,empirical,0.0005847858076406982,0.0,0.0011695716162813965
assoc_bidmc_35,association,hard,empirical,0.00046922461860540027,0.0,0.0009384492382108005
assoc_bidmc_35,association,soft,empirical,0.0001641965935929,0.0,0.0003283931881858
assoc_bidmc_36,association,hard,empirical,0.002106966324931004,0.0,0.0042139326508620085
assoc_bidmc_36,association,soft,empirical,0.00017833008502220193,0.0,0.00035666017104440386
assoc_bidmc_37,association,hard,empirical,0.005100062470356187,0.0,0.010200124941712374
assoc_bidmc_37,association,soft,empirical,2.4332733444196175e-05,0.0,4.866546788839235e-05
assoc_bidmc_38,association,hard,empirical,6.974802603659964e-05,0.0,0.00013949605307319929
assoc_bidmc_38,association,soft,empirical,4.049846089260005e-05,0.0,8.09969227852001e-05
assoc_bidmc_39,association,hard,empirical,0.0032644663489045933,0.0,0.006528932698809187
assoc_bidmc_39,association,soft,empirical,8.398734629720683e-05,0.0,0.00016797469359441366
assoc_bidmc_40,association,hard,empirical,0.0022228788926113,0.0,0.004445757786222601
assoc_bidmc_40,association,soft,empirical,1.1379927363601439e-05,0.0,2.2759855727202877e-05
assoc_bidmc_41,association,hard,empirical,0.0058168068598705,0.0029197979165038,0.011633613720741
assoc_bidmc_41,association,soft,empirical,0.0003409772916639,0.0,0.0006819545843278
assoc_bidmc_42,association,hard,empirical,0.00011512204418919966,0.0,0.00023024408937839932
assoc_bidmc_42,association,soft,empirical,5.73908684012997e-05,0.0,0.0001147817378025994
assoc_bidmc_43,association,hard,empirical,0.0015369722175421008,0.0,0.0030739444360842016
assoc_bidmc_43,association,soft,empirical,0.0001734697904306002,0.0,0.0003469395818612004
assoc_bidmc_44,association,hard,empirical,0.0009890935328404002,0.0,0.0019781870666808004
assoc_bidmc_44,association,soft,empirical,8.381654006500011e-05,0.0,0.00016763308113000022
assoc_bidmc_45,association,hard,empirical,0.0009755491791937979,0.0,0.0019510983593875957
assoc_bidmc_45,association,soft,empirical,0.0001495284258351999,0.0,0.0002990568526703998
assoc_bidmc_46,association,hard,empirical,0.00099174101729671,0.0,0.00198348203559342
assoc_bidmc_46,association,soft,empirical,0.00010342500022089696,0.0,0.0002068500014417939
assoc_bidmc_47,association,hard,empirical,0.004235200002729596,0.0,0.008470400006459192
assoc_bidmc_47,association,soft,empirical,4.7593682941805826e-05,0.0,9.518736688361165e-05
assoc_bidmc_48,association,hard,empirical,0.001139033340866305,0.0,0.00227806668273261
assoc_bidmc_48,association,soft,empirical,0.0002935746983439014,0.0,0.0005871493976878027
assoc_bidmc_49,association,hard,empirical,0.004050831250549794,0.0,0.008101662502099588
assoc_bidmc_49,association,soft,empirical,9.018136473619431e-05,0.0,0.00018036273047238862
assoc_bidmc_50,association,hard,empirical,0.0032069087222025977,0.0,0.006413817445405196
assoc_bidmc_50,association,soft,empirical,4.179999802019635e-05,0.0,8.35999970403927e-05
assoc_bidmc_51,association,hard,empirical,0.0046315368672213975,0.0,0.009263073735442795
assoc_bidmc_51,association,soft,empirical,2.496999894099905e-05,0.0,4.99399988819981e-05
assoc_bidmc_52,association,hard,empirical,0.0007071402671030014,0.0,0.0014142805352060027
assoc_bidmc_52,association,soft,empirical,0.00010534607071670254,0.0,0.00021069214243340509
assoc_bidmc_53,association,hard,empirical,0.0012779889657679,0.0,0.0025559779325358
assoc_bidmc_53,association,soft,empirical,2.392497087509997e-05,0.0,4.784994275019994e-05
cohort_CKD,composition,hard,empirical,0.0011812167418355,0.0,0.002362433484671
cohort_CKD,composition,soft,empirical,0.0009520714725341,0.0,0.0019041429460682
cohort_Cleveland,composition,hard,empirical,0.0012478794863939999,0.0,0.0024957589737879997
cohort_Cleveland,composition,soft,empirical,0.0010419563229454002,5.634504450710001e-05,0.0020839126468908003
cohort_HeartFailure,composition,hard,empirical,0.0010712720686800001,0.0,0.0021425441383600002
cohort_HeartFailure,composition,soft,empirical,0.0008669957133522,0.0,0.0017339914277044
cohort_ILPD,composition,hard,empirical,0.0007419071115228998,0.0,0.0014838142240457997
cohort_ILPD,composition,soft,empirical,0.0006306759066693001,0.0,0.0012613518143386002
cohort_Retinopathy,composition,hard,empirical,0.0011207419524394998,0.0,0.0022414839058789997
cohort_Retinopathy,composition,soft,empirical,0.0006849206340312999,0.00012193737229329994,0.0013698412690625998
cohort_WDBC,composition,hard,empirical,0.0005947237041428002,0.0,0.0011894474092856004
cohort_WDBC,composition,soft,empirical,0.0007123852131801999,0.0,0.0014247704273603998
comp_BIDMC_0,composition,hard,empirical,0.0027964509348303006,0.0,0.005592901870660602
comp_BIDMC_0,composition,soft,empirical,0.0070346819629646,0.0,0.0140693639269292
comp_BIDMC_1,composition,hard,empirical,0.0027061452388658005,0.0,0.005412290478731601
comp_BIDMC_1,composition,soft,empirical,0.007481727165041299,0.0,0.014963454331082598
comp_CKD_0,composition,hard,empirical,0.0027273530671013003,0.0,0.005454706135202601
comp_CKD_0,composition,soft,empirical,0.008540589014283,0.0,0.017081178029565998
comp_CKD_1,composition,hard,empirical,0.0018786415354596995,3.152579305059993e-05,0.003757283071919399
comp_CKD_1,composition,soft,empirical,0.006722571765762502,0.0,0.013445143532525005
comp_Cleveland_0,composition,hard,empirical,0.0034473243451482996,0.0,0.0068946486912966
comp_Cleveland_0,composition,soft,empirical,0.0078221913657616,0.0,0.0156443827325232
comp_Cleveland_1,composition,hard,empirical,0.0037130955267655995,4.8223670200300004e-05,0.007426191054531199
comp_Cleveland_1,composition,soft,empirical,0.006036348870385701,0.0,0.012072697741771403
comp_HAR_0,composition,hard,empirical,0.0017877294238179998,0.0,0.0035754588486359997
comp_HAR_0,composition,soft,empirical,0.005385217284022,0.0,0.010770434569044
comp_HAR_1,composition,hard,empirical,0.0031842006367494994,0.0,0.006368401274498999
comp_HAR_1,composition,soft,empirical,0.0082429599614072,0.0,0.016485919923814398
comp_HeartFailure_0,composition,hard,empirical,0.0035587847676036,0.0,0.007117569536207201
comp_HeartFailure_0,composition,soft,empirical,0.0087668520937757,0.0,0.017533704188551397
comp_HeartFailure_1,composition,hard,empirical,0.0031384587855159,0.0,0.0062769175720318
comp_HeartFailure_1,composition,soft,empirical,0.006053645019485,0.0,0.012107290039970001
comp_ILPD_0,composition,hard,empirical,0.0031231185536637,0.0,0.006246237108327401
comp_ILPD_0,composition,soft,empirical,0.0078601446896148,0.0,0.0157202893802296
comp_ILPD_1,composition,hard,empirical,0.0041840869366115,2.430143381759991e-05,0.008368173874223
comp_ILPD_1,composition,soft,empirical,0.0069580574928835,0.0,0.013916114986767
comp_Retinopathy_0,composition,hard,empirical,0.0030866303006408004,0.0,0.006173260602281601
comp_Retinopathy_0,composition,soft,empirical,0.0087876093199041,0.0,0.017575218640808198
comp_Retinopathy_1,composition,hard,empirical,0.002322724483509,3.365952635639999e-05,0.004645448968018001
comp_Retinopathy_1,composition,soft,empirical,0.005705933292206401,0.0,0.011411866585412803
comp_WDBC_0,composition,hard,empirical,0.0032647357096469007,0.0,0.006529471420293802
comp_WDBC_0,composition,soft,empirical,0.009807445174182,0.0,0.019614890349364
comp_WDBC_1,composition,hard,empirical,0.0021213585681305993,0.0,0.004242717137261199
comp_WDBC_1,composition,soft,empirical,0.0040264522599062005,0.0,0.008052904520812402
comp_Wrist_0,composition,hard,empirical,0.00292912106766,0.0,0.00585824213632
comp_Wrist_0,composition,soft,empirical,0.0074457146315878,0.0,0.014891429264175601
comp_Wrist_1,composition,hard,empirical,0.00278392515561,0.0,0.005567850312220001
comp_Wrist_1,composition,soft,empirical,0.008137858396211,0.0,0.016275716793421997
profile_bidmc_01,profile,hard,empirical,0.09669103943972307,0.0,0.19338207888044615
profile_bidmc_01,profile,soft,empirical,0.17994297695616168,0.0,0.35988595391332334
profile_bidmc_02,profile,hard,empirical,0.10816632080541944,0.0,0.21633264161183888
profile_bidmc_02,profile,soft,empirical,0.1467977687444343,0.0,0.29359553748986855
profile_bidmc_03,profile,hard,empirical,0.06338331444429471,0.0,0.12676662888958942
profile_bidmc_03,profile,soft,empirical,0.09739219573534078,0.0,0.19478439147168156
profile_bidmc_04,profile,hard,empirical,0.0323564574926071,0.004119327904111101,0.0647129149862142
profile_bidmc_04,profile,soft,empirical,0.0410123676861474,0.0,0.0820247353732948
profile_bidmc_05,profile,hard,empirical,0.15171152151868694,0.0,0.30342304303837386
profile_bidmc_05,profile,soft,empirical,0.35279589018575364,0.0,0.7055917803725072
profile_bidmc_06,profile,hard,empirical,0.15203068116240165,0.035115845590039524,0.3040613623258033
profile_bidmc_06,profile,soft,empirical,0.2614784643552561,0.0,0.5229569287115122
profile_bidmc_07,profile,hard,empirical,0.47183914343895883,0.15416937964421473,0.9436782868789176
profile_bidmc_07,profile,soft,empirical,0.9260616461897855,0.0,1.852123292380571
profile_bidmc_08,profile,hard,empirical,0.2013803890425565,0.0,0.402760778086113
profile_bidmc_08,profile,soft,empirical,0.30930781452374184,0.0,0.6186156290484837
profile_bidmc_09,profile,hard,empirical,0.14807939639204748,0.0356449630119612,0.29615879278509494
profile_bidmc_09,profile,soft,empirical,0.2330726252338024,0.0,0.4661452504686048
profile_bidmc_10,profile,hard,empirical,0.04638065656861351,0.0,0.09276131313822703
profile_bidmc_10,profile,soft,empirical,0.121471874366458,0.0,0.242943748733916
profile_bidmc_11,profile,hard,empirical,0.057124484581429213,0.0,0.11424896916385843
profile_bidmc_11,profile,soft,empirical,0.08665130203726801,0.0,0.17330260407553602
profile_bidmc_12,profile,hard,empirical,0.032907612261922306,0.0,0.06581522452484462
profile_bidmc_12,profile,soft,empirical,0.06360031733746159,0.0,0.12720063467592319
profile_bidmc_13,profile,hard,empirical,0.25050650333676217,0.0,0.5010130066745243
profile_bidmc_13,profile,soft,empirical,0.379770711385098,0.0,0.759541422771196
profile_bidmc_14,profile,hard,empirical,0.1833659981350963,0.0,0.3667319962711926
profile_bidmc_14,profile,soft,empirical,0.25873094261236546,0.0,0.5174618852257309
profile_bidmc_15,profile,hard,empirical,0.1205664000756686,0.023193587289683404,0.2411328001523372
profile_bidmc_15,profile,soft,empirical,0.17279547960545114,0.0,0.34559095921190225
profile_bidmc_16,profile,hard,empirical,0.08507644941328302,0.0,0.17015289882756604
profile_bidmc_16,profile,soft,empirical,0.1999954753513474,0.0,0.3999909507036948
profile_bidmc_17,profile,hard,empirical,0.0377887145138988,0.0,0.0755774290287976
profile_bidmc_17,profile,soft,empirical,0.06102629703795549,0.0,0.12205259407691099
profile_bidmc_18,profile,hard,empirical,0.45281245387339575,0.0,0.9056249077477915
profile_bidmc_18,profile,soft,empirical,0.6975635567570643,0.0,1.3951271135151286
profile_bidmc_19,profile,hard,empirical,0.13979264918360734,0.0,0.27958529836821466
profile_bidmc_19,profile,soft,empirical,0.24066402264642478,0.0,0.48132804529384954
profile_bidmc_20,profile,hard,empirical,0.2211892568861512,0.0,0.4423785137733024
profile_bidmc_20,profile,soft,empirical,0.4759961200033893,0.0,0.9519922400077786
profile_bidmc_21,profile,hard,empirical,0.03515471225749078,0.0,0.07030942451598157
profile_bidmc_21,profile,soft,empirical,0.0868264749711045,0.0,0.173652949943209
profile_bidmc_22,profile,hard,empirical,0.04052734973177069,0.0,0.08105469946454139
profile_bidmc_22,profile,soft,empirical,0.0674408488621418,0.0,0.1348816977252836
profile_bidmc_23,profile,hard,empirical,0.03000788635543769,0.0,0.06001577271187538
profile_bidmc_23,profile,soft,empirical,0.058134446824242084,0.0,0.11626889364948417
profile_bidmc_24,profile,hard,empirical,0.05410362974808522,0.0,0.10820725949717044
profile_bidmc_24,profile,soft,empirical,0.10390634043580858,0.0,0.20781268087261717
profile_bidmc_25,profile,hard,empirical,0.0693406465065993,0.0,0.1386812930141986
profile_bidmc_25,profile,soft,empirical,0.10511416425556391,0.0,0.21022832851212783
profile_bidmc_26,profile,hard,empirical,0.10946866927160653,0.0,0.21893733854421307
profile_bidmc_26,profile,soft,empirical,0.21249801608446078,0.0,0.42499603216992154
profile_bidmc_27,profile,hard,empirical,0.10022955528498484,0.0,0.20045911057096968
profile_bidmc_27,profile,soft,empirical,0.21697206850268788,0.0,0.43394413700637574
profile_bidmc_28,profile,hard,empirical,0.0354442168273741,0.0,0.0708884336557482
profile_bidmc_28,profile,soft,empirical,0.043412257095593196,0.0,0.0868245141921864
profile_bidmc_29,profile,hard,empirical,0.1353104461509047,0.0,0.2706208923028094
profile_bidmc_29,profile,soft,empirical,0.3058661142617724,0.0,0.6117322285245448
profile_bidmc_30,profile,hard,empirical,0.16127486435515415,0.0,0.32254972871130827
profile_bidmc_30,profile,soft,empirical,0.18265059354315083,0.0,0.36530118708730164
profile_bidmc_31,profile,hard,empirical,0.05317806697743921,0.0,0.10635613395587842
profile_bidmc_31,profile,soft,empirical,0.09541358255340521,0.0,0.19082716510781042
profile_bidmc_32,profile,hard,empirical,0.8913032911774601,0.0,1.7826065823559203
profile_bidmc_32,profile,soft,empirical,1.4481358399242727,0.0,2.8962716798495456
profile_bidmc_33,profile,hard,empirical,0.0450283220937244,0.0,0.0900566441884488
profile_bidmc_33,profile,soft,empirical,0.0855275065855274,0.0,0.1710550131720548
profile_bidmc_34,profile,hard,empirical,0.03937984466941269,0.0,0.07875968933982538
profile_bidmc_34,profile,soft,empirical,0.0658918680923709,0.0,0.1317837361857418
profile_bidmc_35,profile,hard,empirical,0.03919622248519239,0.0,0.07839244497138478
profile_bidmc_35,profile,soft,empirical,0.060687256170501996,0.0,0.121374512342004
profile_bidmc_36,profile,hard,empirical,0.061941877330183304,0.0,0.12388375466136661
profile_bidmc_36,profile,soft,empirical,0.1024866668474215,0.0,0.204973333695843
profile_bidmc_37,profile,hard,empirical,0.16460339263372226,0.0,0.3292067852684445
profile_bidmc_37,profile,soft,empirical,0.36334570295211155,0.0,0.7266914059052231
profile_bidmc_38,profile,hard,empirical,0.02191045278404459,0.0,0.04382090556908918
profile_bidmc_38,profile,soft,empirical,0.0463880850260184,0.0,0.0927761700530368
profile_bidmc_39,profile,hard,empirical,0.04125966004905471,0.0,0.08251932009910942
profile_bidmc_39,profile,soft,empirical,0.0735876568956475,0.0,0.147175313792295
profile_bidmc_40,profile,hard,empirical,0.19972450644163575,0.0,0.3994490128842715
profile_bidmc_40,profile,soft,empirical,0.2739945549967343,0.0,0.5479891099944686
profile_bidmc_41,profile,hard,empirical,0.0140492094993757,0.0,0.0280984189997514
profile_bidmc_41,profile,soft,empirical,0.021427883554176498,0.0,0.042855767109352995
profile_bidmc_42,profile,hard,empirical,0.288969193734014,0.0,0.5779383874690279
profile_bidmc_42,profile,soft,empirical,0.511665934513878,0.0,1.023331869028756
profile_bidmc_43,profile,hard,empirical,0.027599684857012696,0.0,0.05519936971502539
profile_bidmc_43,profile,soft,empirical,0.054554790796622996,0.0,0.109109581594246
profile_bidmc_44,profile,hard,empirical,0.05000538511538921,0.005258394240946894,0.10001077023177843
profile_bidmc_44,profile,soft,empirical,0.08907590556160169,0.0,0.1781518111242034
profile_bidmc_45,profile,hard,empirical,0.0376770775046453,0.0,0.07535415501029061
profile_bidmc_45,profile,soft,empirical,0.0510086773940183,0.0,0.1020173547890366
profile_bidmc_46,profile,hard,empirical,0.18262222100922776,0.0,0.3652444420194555
profile_bidmc_46,profile,soft,empirical,0.2165599779098239,0.0,0.4331199558206478
profile_bidmc_47,profile,hard,empirical,0.11563165900218542,0.0,0.23126331800537084
profile_bidmc_47,profile,soft,empirical,0.17046095015088492,0.0,0.3409219003027698
profile_bidmc_48,profile,hard,empirical,0.0416198160568538,0.0,0.08323963211470761
profile_bidmc_48,profile,soft,empirical,0.05152004310649931,0.0,0.10304008621399863
profile_bidmc_49,profile,hard,empirical,0.10319193088234041,0.0,0.20638386176568083
profile_bidmc_49,profile,soft,empirical,0.1355508208987589,0.0,0.27110164179851776
profile_bidmc_50,profile,hard,empirical,0.13157218034755364,0.0,0.26314436069610725
profile_bidmc_50,profile,soft,empirical,0.2005871817098444,0.0,0.4011743634206888
profile_bidmc_51,profile,hard,empirical,0.06547122256399912,0.0,0.13094244512899825
profile_bidmc_51,profile,soft,empirical,0.1153118996345611,0.0,0.2306237992701222
profile_bidmc_52,profile,hard,empirical,0.1104004556321016,0.0,0.2208009112652032
profile_bidmc_52,profile,soft,empirical,0.20698469810022196,0.0,0.4139693962014439
profile_bidmc_53,profile,hard,empirical,0.0256219564780769,0.0,0.051243912957153796
profile_bidmc_53,profile,soft,empirical,0.07474933662689232,0.0,0.14949867325478464
profile_s1_high_resistance_bike,profile,hard,empirical,0.008261637923844704,0.0,0.016523275848689407
profile_s1_high_resistance_bike,profile,soft,empirical,0.014914700539949404,0.0,0.029829401080898807
profile_s1_low_resistance_bike,profile,hard,empirical,0.0226663575775538,0.0,0.0453327151561076
profile_s1_low_resistance_bike,profile,soft,empirical,0.031503809479218096,0.0,0.0630076189594362
profile_s1_walk,profile,hard,empirical,0.04396599624379299,0.0,0.08793199248858599
profile_s1_walk,profile,soft,empirical,0.06577693979838328,0.0,0.13155387959776657
profile_s2_high_resistance_bike,profile,hard,empirical,0.0122975510664119,0.0,0.0245951021338238
profile_s2_high_resistance_bike,profile,soft,empirical,0.0238896666488986,0.0,0.047779333298797196
profile_s2_low_resistance_bike,profile,hard,empirical,0.01835149040035619,0.0,0.03670298080171238
profile_s2_low_resistance_bike,profile,soft,empirical,0.026287385227176795,0.0,0.05257477045535359
profile_s2_walk,profile,hard,empirical,0.03619580238001881,0.0,0.07239160476103762
profile_s2_walk,profile,soft,empirical,0.05794042501455078,0.0,0.11588085003010157
profile_s3_high_resistance_bike,profile,hard,empirical,0.02657468503696081,0.0,0.05314937007492162
profile_s3_high_resistance_bike,profile,soft,empirical,0.0487970423824545,0.0,0.097594084765909
profile_s3_low_resistance_bike,profile,hard,empirical,0.042472802244333294,0.0,0.08494560448966659
profile_s3_low_resistance_bike,profile,soft,empirical,0.06896360870786342,0.0,0.13792721741672684
profile_s3_run,profile,hard,empirical,0.04330933930253189,0.0,0.08661867860606379
profile_s3_run,profile,soft,empirical,0.10250116870388538,0.0,0.20500233740877077
profile_s3_walk,profile,hard,empirical,0.04340345006190671,0.0,0.08680690012481343
profile_s3_walk,profile,soft,empirical,0.0652648191987545,0.0,0.130529638398509
profile_s4_run,profile,hard,empirical,0.04290960721297801,0.0,0.08581921442695603
profile_s4_run,profile,soft,empirical,0.0832831693711902,0.0,0.1665663387433804
profile_s5_low_resistance_bike,profile,hard,empirical,0.0376247129219814,0.0,0.0752494258449628
profile_s5_low_resistance_bike,profile,soft,empirical,0.05556811159905391,0.0,0.11113622319910782
profile_s5_run,profile,hard,empirical,0.053287966465394215,0.0,0.10657593293178844
profile_s5_run,profile,soft,empirical,0.0728052190362135,0.0,0.145610438073427
profile_s6_low_resistance_bike,profile,hard,empirical,0.011715815840118202,0.0,0.023431631681236402
profile_s6_low_resistance_bike,profile,soft,empirical,0.0315912896219148,0.0,0.0631825792448296
profile_s6_run,profile,hard,empirical,0.02635908159206879,0.0,0.05271816318513758
profile_s6_run,profile,soft,empirical,0.047105385081930407,0.0,0.09421077016486082
profile_s6_walk,profile,hard,empirical,0.049712846545121495,0.0,0.099425693091243
profile_s6_walk,profile,soft,empirical,0.08244993533770699,0.0,0.16489987067641398
profile_s8_run,profile,hard,empirical,0.0225131769968493,0.0,0.0450263539946986
profile_s8_run,profile,soft,empirical,0.032500842384268196,0.0,0.0650016847695364
profile_s8_walk,profile,hard,empirical,0.03969914928562861,0.0,0.07939829857225722
profile_s8_walk,profile,soft,empirical,0.066650379753657,0.0,0.133300759508314
profile_s9_walk,profile,hard,empirical,0.06619934935529462,0.0,0.13239869871158924
profile_s9_walk,profile,soft,empirical,0.11786917742482189,0.0,0.2357383548506438
synthetic_2_0.3_0,composition,hard,synthetic,0.0012213681963095,0.0,0.002442736393619
synthetic_2_0.3_0,composition,soft,synthetic,0.0008840155908044999,0.0,0.0017680311826089997
synthetic_2_0.3_1,composition,hard,synthetic,0.0009603456715606999,0.0,0.0019206913441213998
synthetic_2_0.3_1,composition,soft,synthetic,0.0009243824287871003,0.0,0.0018487648585742006
synthetic_2_0.3_2,composition,hard,synthetic,0.0015208065461122001,0.0,0.0030416130932244003
synthetic_2_0.3_2,composition,soft,synthetic,0.0008176616291815,6.663322677839996e-05,0.001635323259363
synthetic_2_0.3_3,composition,hard,synthetic,0.0008405386113115,0.0,0.001681077223623
synthetic_2_0.3_3,composition,soft,synthetic,0.0006795912009344,0.0,0.0013591824028688
synthetic_2_1_0,composition,hard,synthetic,0.0012133813937946,0.0,0.0024267627885892
synthetic_2_1_0,composition,soft,synthetic,0.0007271620075339,0.0,0.0014543240160678
synthetic_2_1_1,composition,hard,synthetic,0.0009503257533562,0.0,0.0019006515077124
synthetic_2_1_1,composition,soft,synthetic,0.0006560140016308,0.0,0.0013120280042616
synthetic_2_1_2,composition,hard,synthetic,0.0016968097417413,0.0,0.0033936194844826
synthetic_2_1_2,composition,soft,synthetic,0.0007450082109166001,0.0,0.0014900164228332001
synthetic_2_1_3,composition,hard,synthetic,0.0004171270013958999,0.0,0.0008342540037917998
synthetic_2_1_3,composition,soft,synthetic,0.0011015658148387998,0.0,0.0022031316306775997
synthetic_2_5_0,composition,hard,synthetic,0.0012756394106916,0.0,0.0025512788223832
synthetic_2_5_0,composition,soft,synthetic,0.0009637845604891,0.0,0.0019275691219782
synthetic_2_5_1,composition,hard,synthetic,0.0015536080548375002,0.0,0.0031072161106750003
synthetic_2_5_1,composition,soft,synthetic,0.0006912667523129001,2.319087358689995e-05,0.0013825335056258002
synthetic_2_5_2,composition,hard,synthetic,0.0013357858379046,0.0,0.0026715716768092
synthetic_2_5_2,composition,soft,synthetic,0.0006946532544075,0.0,0.001389306509815
synthetic_2_5_3,composition,hard,synthetic,0.0013993268928594,0.0,0.0027986537867188
synthetic_2_5_3,composition,soft,synthetic,0.0010441546747416998,0.0,0.0020883093504833997
synthetic_3_0.3_0,composition,hard,synthetic,0.002421578355292,0.0,0.004843156711584
synthetic_3_0.3_0,composition,soft,synthetic,0.0006344271179851001,0.0,0.0012688542369702002
synthetic_3_0.3_1,composition,hard,synthetic,0.0021484972679120997,0.0,0.0042969945368242
synthetic_3_0.3_1,composition,soft,synthetic,0.0006225608547373001,8.091063993799844e-06,0.0012451217104746002
synthetic_3_0.3_2,composition,hard,synthetic,0.0013476894449683,0.0,0.0026953788909366
synthetic_3_0.3_2,composition,soft,synthetic,0.0021954428832855004,0.0,0.004390885767571001
synthetic_3_0.3_3,composition,hard,synthetic,0.0006394944806294,0.0,0.0012789889622588
synthetic_3_0.3_3,composition,soft,synthetic,0.0013768409698077001,0.0,0.0027536819406154002
synthetic_3_1_0,composition,hard,synthetic,0.000689582249477,0.0,0.001379164499954
synthetic_3_1_0,composition,soft,synthetic,0.0010278989629587,0.0,0.0020557979269174
synthetic_3_1_1,composition,hard,synthetic,0.0015010196025372997,0.0,0.0030020392060745994
synthetic_3_1_1,composition,soft,synthetic,0.002051713517827,0.0,0.004103427036654001
synthetic_3_1_2,composition,hard,synthetic,0.0005748337246614999,0.0,0.0011496674503229999
synthetic_3_1_2,composition,soft,synthetic,0.0016367223492026002,0.0,0.0032734446994052003
synthetic_3_1_3,composition,hard,synthetic,0.0024448606717582,0.0018030552013114,0.0048897213445164
synthetic_3_1_3,composition,soft,synthetic,0.0012891360188793,0.0,0.0025782720387586
synthetic_3_5_0,composition,hard,synthetic,0.0014438450554344002,0.0,0.0028876901118688003
synthetic_3_5_0,composition,soft,synthetic,0.0013731292730128001,0.0,0.0027462585470256003
synthetic_3_5_1,composition,hard,synthetic,0.0013157118344321998,0.0,0.0026314236698643995
synthetic_3_5_1,composition,soft,synthetic,0.0009016575973813,0.0,0.0018033151957626
synthetic_3_5_2,composition,hard,synthetic,0.0012727571990163002,0.0,0.0025455143990326004
synthetic_3_5_2,composition,soft,synthetic,0.0006918317308707001,4.5590991726999e-06,0.0013836634627414001
synthetic_3_5_3,composition,hard,synthetic,0.0030621164667770998,0.0,0.0061242329345542
synthetic_3_5_3,composition,soft,synthetic,0.0009787479266419002,0.0,0.0019574958542838005
synthetic_5_0.3_0,composition,hard,synthetic,0.0029773517828118002,0.0,0.005954703566623601
synthetic_5_0.3_0,composition,soft,synthetic,0.0086474460699352,0.0,0.017294892140870398
synthetic_5_0.3_1,composition,hard,synthetic,0.0038556228122970998,0.0,0.0077112456255942
synthetic_5_0.3_1,composition,soft,synthetic,0.009475508971579397,0.0,0.018951017944158793
synthetic_5_0.3_2,composition,hard,synthetic,0.0010662209408847005,0.00013757365172680012,0.002132441882769401
synthetic_5_0.3_2,composition,soft,synthetic,0.006525101819885599,0.0,0.013050203640771198
synthetic_5_0.3_3,composition,hard,synthetic,0.003943949294696001,0.0,0.007887898590392002
synthetic_5_0.3_3,composition,soft,synthetic,0.0114104937618221,0.0,0.022820987524644197
synthetic_5_1_0,composition,hard,synthetic,0.0047948439478428,0.0,0.0095896878966856
synthetic_5_1_0,composition,soft,synthetic,0.010640626221225899,0.0,0.021281252443451797
synthetic_5_1_1,composition,hard,synthetic,0.0045411409813747,0.0,0.0090822819637494
synthetic_5_1_1,composition,soft,synthetic,0.011079405109689602,0.0,0.022158810220379202
synthetic_5_1_2,composition,hard,synthetic,0.004045838679695199,0.0,0.008091677360390398
synthetic_5_1_2,composition,soft,synthetic,0.009658078479782398,0.0,0.019316156960564795
synthetic_5_1_3,composition,hard,synthetic,0.0029297116733106006,0.0,0.005859423347621202
synthetic_5_1_3,composition,soft,synthetic,0.0079549971600604,0.0,0.0159099943211208
synthetic_5_5_0,composition,hard,synthetic,0.0038697751368888004,0.0,0.007739550274777601
synthetic_5_5_0,composition,soft,synthetic,0.008219695338850402,0.0,0.016439390678700802
synthetic_5_5_1,composition,hard,synthetic,0.0029914978137312994,0.0,0.005982995628462599
synthetic_5_5_1,composition,soft,synthetic,0.008587263624664603,0.0,0.017174527250329204
synthetic_5_5_2,composition,hard,synthetic,0.0024847910030954008,0.0,0.004969582007190802
synthetic_5_5_2,composition,soft,synthetic,0.008440291063512202,0.0,0.0168805821280244
synthetic_5_5_3,composition,hard,synthetic,0.002896470049259801,0.0,0.0057929400995196025
synthetic_5_5_3,composition,soft,synthetic,0.0081373148541103,0.0,0.016274629709220598
synthetic_8_0.3_0,composition,hard,synthetic,0.0039234787601154005,0.0,0.007846957521230801
synthetic_8_0.3_0,composition,soft,synthetic,0.012364706127114305,0.0,0.02472941225522861
synthetic_8_0.3_1,composition,hard,synthetic,0.007249090192010501,0.0,0.014498180385021002
synthetic_8_0.3_1,composition,soft,synthetic,0.015826288328155996,0.0,0.03165257665731199
synthetic_8_0.3_2,composition,hard,synthetic,0.0094462301704492,0.0,0.0188924603418984
synthetic_8_0.3_2,composition,soft,synthetic,0.0231546898876277,0.0,0.0463093797762554
synthetic_8_0.3_3,composition,hard,synthetic,0.0081030301914235,0.0,0.016206060383846997
synthetic_8_0.3_3,composition,soft,synthetic,0.0199593878800954,0.0,0.0399187757611908
synthetic_8_1_0,composition,hard,synthetic,0.005984939129732199,0.0,0.011969878260464398
synthetic_8_1_0,composition,soft,synthetic,0.010310508953305302,0.0,0.020621017907610603
synthetic_8_1_1,composition,hard,synthetic,0.008161301924291198,0.0,0.016322603849582396
synthetic_8_1_1,composition,soft,synthetic,0.015294707828204999,0.0,0.030589415657409996
synthetic_8_1_2,composition,hard,synthetic,0.0072799463924446,0.0,0.0145598927858892
synthetic_8_1_2,composition,soft,synthetic,0.0155010106851773,0.0,0.031002021371354598
synthetic_8_1_3,composition,hard,synthetic,0.011233077661345504,0.0,0.022466155323691006
synthetic_8_1_3,composition,soft,synthetic,0.0204356175410254,0.0,0.0408712350830508
synthetic_8_5_0,composition,hard,synthetic,0.010047374211780404,0.0,0.020094748424560806
synthetic_8_5_0,composition,soft,synthetic,0.0180647392580364,0.0,0.0361294785170728
synthetic_8_5_1,composition,hard,synthetic,0.008732553513231201,0.0,0.0174651070274624
synthetic_8_5_1,composition,soft,synthetic,0.017630927861921705,0.0,0.03526185572484341
synthetic_8_5_2,composition,hard,synthetic,0.007251459756587399,0.0,0.014502919514174798
synthetic_8_5_2,composition,soft,synthetic,0.0161800875373299,0.0,0.032360175075659796
synthetic_8_5_3,composition,hard,synthetic,0.010889090486843899,0.0,0.021778180974687797
synthetic_8_5_3,composition,soft,synthetic,0.0196921736668332,0.0,0.0393843473346664
