task,observer,heldout,unit,default,training_units
median,hard,BIDMC,dataset,Interval plot / five,CKD|Cleveland|HAR|HeartFailure|ILPD|Retinopathy|WDBC|Wrist
median,hard,CKD,dataset,Interval plot / five,BIDMC|Cleveland|HAR|HeartFailure|ILPD|Retinopathy|WDBC|Wrist
median,hard,Cleveland,dataset,Interval plot / five,BIDMC|CKD|HAR|HeartFailure|ILPD|Retinopathy|WDBC|Wrist
median,hard,HAR,dataset,Interval plot / five,BIDMC|CKD|Cleveland|HeartFailure|ILPD|Retinopathy|WDBC|Wrist
median,hard,HeartFailure,dataset,Interval plot / five,BIDMC|CKD|Cleveland|HAR|ILPD|Retinopathy|WDBC|Wrist
median,hard,ILPD,dataset,Interval plot / five,BIDMC|CKD|Cleveland|HAR|HeartFailure|Retinopathy|WDBC|Wrist
median,hard,Retinopathy,dataset,Interval plot / five,BIDMC|CKD|Cleveland|HAR|HeartFailure|ILPD|WDBC|Wrist
median,hard,WDBC,dataset,Interval plot / five,BIDMC|CKD|Cleveland|HAR|HeartFailure|ILPD|Retinopathy|Wrist
median,hard,Wrist,dataset,Interval plot / five,BIDMC|CKD|Cleveland|HAR|HeartFailure|ILPD|Retinopathy|WDBC
median,soft,BIDMC,dataset,Quantile plot / nineteen,CKD|Cleveland|HAR|HeartFailure|ILPD|Retinopathy|WDBC|Wrist
median,soft,CKD,dataset,Quantile plot / nineteen,BIDMC|Cleveland|HAR|HeartFailure|ILPD|Retinopathy|WDBC|Wrist
median,soft,Cleveland,dataset,Quantile plot / nineteen,BIDMC|CKD|HAR|HeartFailure|ILPD|Retinopathy|WDBC|Wrist
median,soft,HAR,dataset,Quantile plot / nineteen,BIDMC|CKD|Cleveland|HeartFailure|ILPD|Retinopathy|WDBC|Wrist
median,soft,HeartFailure,dataset,Quantile plot / nineteen,BIDMC|CKD|Cleveland|HAR|ILPD|Retinopathy|WDBC|Wrist
median,soft,ILPD,dataset,Quantile plot / nineteen,BIDMC|CKD|Cleveland|HAR|HeartFailure|Retinopathy|WDBC|Wrist
median,soft,Retinopathy,dataset,Quantile plot / nineteen,BIDMC|CKD|Cleveland|HAR|HeartFailure|ILPD|WDBC|Wrist
median,soft,WDBC,dataset,Quantile plot / nineteen,BIDMC|CKD|Cleveland|HAR|HeartFailure|ILPD|Retinopathy|Wrist
median,soft,Wrist,dataset,Quantile plot / nineteen,BIDMC|CKD|Cleveland|HAR|HeartFailure|ILPD|Retinopathy|WDBC
spread,hard,BIDMC,dataset,Quantile plot / five,CKD|Cleveland|HAR|HeartFailure|ILPD|Retinopathy|WDBC|Wrist
spread,hard,CKD,dataset,Quantile plot / five,BIDMC|Cleveland|HAR|HeartFailure|ILPD|Retinopathy|WDBC|Wrist
spread,hard,Cleveland,dataset,Quantile plot / five,BIDMC|CKD|HAR|HeartFailure|ILPD|Retinopathy|WDBC|Wrist
spread,hard,HAR,dataset,Quantile plot / five,BIDMC|CKD|Cleveland|HeartFailure|ILPD|Retinopathy|WDBC|Wrist
spread,hard,HeartFailure,dataset,Quantile plot / five,BIDMC|CKD|Cleveland|HAR|ILPD|Retinopathy|WDBC|Wrist
spread,hard,ILPD,dataset,Quantile plot / five,BIDMC|CKD|Cleveland|HAR|HeartFailure|Retinopathy|WDBC|Wrist
spread,hard,Retinopathy,dataset,Quantile plot / five,BIDMC|CKD|Cleveland|HAR|HeartFailure|ILPD|WDBC|Wrist
spread,hard,WDBC,dataset,Quantile plot / five,BIDMC|CKD|Cleveland|HAR|HeartFailure|ILPD|Retinopathy|Wrist
spread,hard,Wrist,dataset,Quantile plot / five,BIDMC|CKD|Cleveland|HAR|HeartFailure|ILPD|Retinopathy|WDBC
spread,soft,BIDMC,dataset,Quantile plot / five,CKD|Cleveland|HAR|HeartFailure|ILPD|Retinopathy|WDBC|Wrist
spread,soft,CKD,dataset,Quantile plot / five,BIDMC|Cleveland|HAR|HeartFailure|ILPD|Retinopathy|WDBC|Wrist
spread,soft,Cleveland,dataset,Quantile plot / five,BIDMC|CKD|HAR|HeartFailure|ILPD|Retinopathy|WDBC|Wrist
spread,soft,HAR,dataset,Quantile plot / five,BIDMC|CKD|Cleveland|HeartFailure|ILPD|Retinopathy|WDBC|Wrist
spread,soft,HeartFailure,dataset,Quantile plot / five,BIDMC|CKD|Cleveland|HAR|ILPD|Retinopathy|WDBC|Wrist
spread,soft,ILPD,dataset,Quantile plot / five,BIDMC|CKD|Cleveland|HAR|HeartFailure|Retinopathy|WDBC|Wrist
spread,soft,Retinopathy,dataset,Quantile plot / five,BIDMC|CKD|Cleveland|HAR|HeartFailure|ILPD|WDBC|Wrist
spread,soft,WDBC,dataset,Quantile plot / five,BIDMC|CKD|Cleveland|HAR|HeartFailure|ILPD|Retinopathy|Wrist
spread,soft,Wrist,dataset,Quantile plot / five,BIDMC|CKD|Cleveland|HAR|HeartFailure|ILPD|Retinopathy|WDBC
five,hard,BIDMC,dataset,Quantile plot / five,CKD|Cleveland|HAR|HeartFailure|ILPD|Retinopathy|WDBC|Wrist
five,hard,CKD,dataset,Quantile plot / nineteen,BIDMC|Cleveland|HAR|HeartFailure|ILPD|Retinopathy|WDBC|Wrist
five,hard,Cleveland,dataset,Quantile plot / five,BIDMC|CKD|HAR|HeartFailure|ILPD|Retinopathy|WDBC|Wrist
five,hard,HAR,dataset,Quantile plot / five,BIDMC|CKD|Cleveland|HeartFailure|ILPD|Retinopathy|WDBC|Wrist
five,hard,HeartFailure,dataset,Quantile plot / five,BIDMC|CKD|Cleveland|HAR|ILPD|Retinopathy|WDBC|Wrist
five,hard,ILPD,dataset,Quantile plot / five,BIDMC|CKD|Cleveland|HAR|HeartFailure|Retinopathy|WDBC|Wrist
five,hard,Retinopathy,dataset,Quantile plot / five,BIDMC|CKD|Cleveland|HAR|HeartFailure|ILPD|WDBC|Wrist
five,hard,WDBC,dataset,Quantile plot / five,BIDMC|CKD|Cleveland|HAR|HeartFailure|ILPD|Retinopathy|Wrist
five,hard,Wrist,dataset,Quantile plot / five,BIDMC|CKD|Cleveland|HAR|HeartFailure|ILPD|Retinopathy|WDBC
five,soft,BIDMC,dataset,Quantile plot / five,CKD|Cleveland|HAR|HeartFailure|ILPD|Retinopathy|WDBC|Wrist
five,soft,CKD,dataset,Quantile plot / five,BIDMC|Cleveland|HAR|HeartFailure|ILPD|Retinopathy|WDBC|Wrist
five,soft,Cleveland,dataset,Quantile plot / five,BIDMC|CKD|HAR|HeartFailure|ILPD|Retinopathy|WDBC|Wrist
five,soft,HAR,dataset,Quantile plot / five,BIDMC|CKD|Cleveland|HeartFailure|ILPD|Retinopathy|WDBC|Wrist
five,soft,HeartFailure,dataset,Quantile plot / five,BIDMC|CKD|Cleveland|HAR|ILPD|Retinopathy|WDBC|Wrist
five,soft,ILPD,dataset,Quantile plot / five,BIDMC|CKD|Cleveland|HAR|HeartFailure|Retinopathy|WDBC|Wrist
five,soft,Retinopathy,dataset,Quantile plot / five,BIDMC|CKD|Cleveland|HAR|HeartFailure|ILPD|WDBC|Wrist
five,soft,WDBC,dataset,Quantile plot / five,BIDMC|CKD|Cleveland|HAR|HeartFailure|ILPD|Retinopathy|Wrist
five,soft,Wrist,dataset,Quantile plot / five,BIDMC|CKD|Cleveland|HAR|HeartFailure|ILPD|Retinopathy|WDBC
composition,hard,BIDMC,dataset,Pie chart,CKD|Cleveland|HAR|HeartFailure|ILPD|Retinopathy|WDBC|Wrist
composition,hard,CKD,dataset,Pie chart,BIDMC|Cleveland|HAR|HeartFailure|ILPD|Retinopathy|WDBC|Wrist
composition,hard,Cleveland,dataset,Pie chart,BIDMC|CKD|HAR|HeartFailure|ILPD|Retinopathy|WDBC|Wrist
composition,hard,HAR,dataset,Pie chart,BIDMC|CKD|Cleveland|HeartFailure|ILPD|Retinopathy|WDBC|Wrist
composition,hard,HeartFailure,dataset,Pie chart,BIDMC|CKD|Cleveland|HAR|ILPD|Retinopathy|WDBC|Wrist
composition,hard,ILPD,dataset,Pie chart,BIDMC|CKD|Cleveland|HAR|HeartFailure|Retinopathy|WDBC|Wrist
composition,hard,Retinopathy,dataset,Pie chart,BIDMC|CKD|Cleveland|HAR|HeartFailure|ILPD|WDBC|Wrist
composition,hard,WDBC,dataset,Pie chart,BIDMC|CKD|Cleveland|HAR|HeartFailure|ILPD|Retinopathy|Wrist
composition,hard,Wrist,dataset,Pie chart,BIDMC|CKD|Cleveland|HAR|HeartFailure|ILPD|Retinopathy|WDBC
composition,soft,BIDMC,dataset,Pie chart,CKD|Cleveland|HAR|HeartFailure|ILPD|Retinopathy|WDBC|Wrist
composition,soft,CKD,dataset,Pie chart,BIDMC|Cleveland|HAR|HeartFailure|ILPD|Retinopathy|WDBC|Wrist
composition,soft,Cleveland,dataset,Pie chart,BIDMC|CKD|HAR|HeartFailure|ILPD|Retinopathy|WDBC|Wrist
composition,soft,HAR,dataset,Pie chart,BIDMC|CKD|Cleveland|HeartFailure|ILPD|Retinopathy|WDBC|Wrist
composition,soft,HeartFailure,dataset,Pie chart,BIDMC|CKD|Cleveland|HAR|ILPD|Retinopathy|WDBC|Wrist
composition,soft,ILPD,dataset,Pie chart,BIDMC|CKD|Cleveland|HAR|HeartFailure|Retinopathy|WDBC|Wrist
composition,soft,Retinopathy,dataset,Pie chart,BIDMC|CKD|Cleveland|HAR|HeartFailure|ILPD|WDBC|Wrist
composition,soft,WDBC,dataset,Pie chart,BIDMC|CKD|Cleveland|HAR|HeartFailure|ILPD|Retinopathy|Wrist
composition,soft,Wrist,dataset,Pie chart,BIDMC|CKD|Cleveland|HAR|HeartFailure|ILPD|Retinopathy|WDBC
profile,hard,BIDMC,dataset,Dot plot,Wrist
profile,hard,Wrist,dataset,Dot plot,BIDMC
profile,soft,BIDMC,dataset,Dot plot,Wrist
profile,soft,Wrist,dataset,Dot plot,BIDMC
association,hard,s01182,cluster,Heatmap,s01241|s01795|s01840|s01995|s03386|s03516|s04641|s06914|s07432|s07784|s08452|s08915|s08936|s09483|s09968|s11342|s12531|s12589|s13314|s13927|s15646|s17236|s17497|s17735|s17756|s19981|s20471|s20486|s22348|s24455|s25323|s26845|s26868|s29093|s29125|s29503|s29622|s29866|s30026|s30243|s31106|s31141|s31400|s32195|s32628
association,hard,s01241,cluster,Heatmap,s01182|s01795|s01840|s01995|s03386|s03516|s04641|s06914|s07432|s07784|s08452|s08915|s08936|s09483|s09968|s11342|s12531|s12589|s13314|s13927|s15646|s17236|s17497|s17735|s17756|s19981|s20471|s20486|s22348|s24455|s25323|s26845|s26868|s29093|s29125|s29503|s29622|s29866|s30026|s30243|s31106|s31141|s31400|s32195|s32628
association,hard,s01795,cluster,Heatmap,s01182|s01241|s01840|s01995|s03386|s03516|s04641|s06914|s07432|s07784|s08452|s08915|s08936|s09483|s09968|s11342|s12531|s12589|s13314|s13927|s15646|s17236|s17497|s17735|s17756|s19981|s20471|s20486|s22348|s24455|s25323|s26845|s26868|s29093|s29125|s29503|s29622|s29866|s30026|s30243|s31106|s31141|s31400|s32195|s32628
association,hard,s01840,cluster,Heatmap,s01182|s01241|s01795|s01995|s03386|s03516|s04641|s06914|s07432|s07784|s08452|s08915|s08936|s09483|s09968|s11342|s12531|s12589|s13314|s13927|s15646|s17236|s17497|s17735|s17756|s19981|s20471|s20486|s22348|s24455|s25323|s26845|s26868|s29093|s29125|s29503|s29622|s29866|s30026|s30243|s31106|s31141|s31400|s32195|s32628
association,hard,s01995,cluster,Heatmap,s01182|s01241|s01795|s01840|s03386|s03516|s04641|s06914|s07432|s07784|s08452|s08915|s08936|s09483|s09968|s11342|s12531|s12589|s13314|s13927|s15646|s17236|s17497|s17735|s17756|s19981|s20471|s20486|s22348|s24455|s25323|s26845|s26868|s29093|s29125|s29503|s29622|s29866|s30026|s30243|s31106|s31141|s31400|s32195|s32628
association,hard,s03386,cluster,Heatmap,s01182|s01241|s01795|s01840|s01995|s03516|s04641|s06914|s07432|s07784|s08452|s08915|s08936|s09483|s09968|s11342|s12531|s12589|s13314|s13927|s15646|s17236|s17497|s17735|s17756|s19981|s20471|s20486|s22348|s24455|s25323|s26845|s26868|s29093|s29125|s29503|s29622|s29866|s30026|s30243|s31106|s31141|s31400|s32195|s32628
association,hard,s03516,cluster,Heatmap,s01182|s01241|s01795|s01840|s01995|s03386|s04641|s06914|s07432|s07784|s08452|s08915|s08936|s09483|s09968|s11342|s12531|s12589|s13314|s13927|s15646|s17236|s17497|s17735|s17756|s19981|s20471|s20486|s22348|s24455|s25323|s26845|s26868|s29093|s29125|s29503|s29622|s29866|s30026|s30243|s31106|s31141|s31400|s32195|s32628
association,hard,s04641,cluster,Heatmap,s01182|s01241|s01795|s01840|s01995|s03386|s03516|s06914|s07432|s07784|s08452|s08915|s08936|s09483|s09968|s11342|s12531|s12589|s13314|s13927|s15646|s17236|s17497|s17735|s17756|s19981|s20471|s20486|s22348|s24455|s25323|s26845|s26868|s29093|s29125|s29503|s29622|s29866|s30026|s30243|s31106|s31141|s31400|s32195|s32628
association,hard,s06914,cluster,Heatmap,s01182|s01241|s01795|s01840|s01995|s03386|s03516|s04641|s07432|s07784|s08452|s08915|s08936|s09483|s09968|s11342|s12531|s12589|s13314|s13927|s15646|s17236|s17497|s17735|s17756|s19981|s20471|s20486|s22348|s24455|s25323|s26845|s26868|s29093|s29125|s29503|s29622|s29866|s30026|s30243|s31106|s31141|s31400|s32195|s32628
association,hard,s07432,cluster,Heatmap,s01182|s01241|s01795|s01840|s01995|s03386|s03516|s04641|s06914|s07784|s08452|s08915|s08936|s09483|s09968|s11342|s12531|s12589|s13314|s13927|s15646|s17236|s17497|s17735|s17756|s19981|s20471|s20486|s22348|s24455|s25323|s26845|s26868|s29093|s29125|s29503|s29622|s29866|s30026|s30243|s31106|s31141|s31400|s32195|s32628
association,hard,s07784,cluster,Heatmap,s01182|s01241|s01795|s01840|s01995|s03386|s03516|s04641|s06914|s07432|s08452|s08915|s08936|s09483|s09968|s11342|s12531|s12589|s13314|s13927|s15646|s17236|s17497|s17735|s17756|s19981|s20471|s20486|s22348|s24455|s25323|s26845|s26868|s29093|s29125|s29503|s29622|s29866|s30026|s30243|s31106|s31141|s31400|s32195|s32628
association,hard,s08452,cluster,Heatmap,s01182|s01241|s01795|s01840|s01995|s03386|s03516|s04641|s06914|s07432|s07784|s08915|s08936|s09483|s09968|s11342|s12531|s12589|s13314|s13927|s15646|s17236|s17497|s17735|s17756|s19981|s20471|s20486|s22348|s24455|s25323|s26845|s26868|s29093|s29125|s29503|s29622|s29866|s30026|s30243|s31106|s31141|s31400|s32195|s32628
association,hard,s08915,cluster,Heatmap,s01182|s01241|s01795|s01840|s01995|s03386|s03516|s04641|s06914|s07432|s07784|s08452|s08936|s09483|s09968|s11342|s12531|s12589|s13314|s13927|s15646|s17236|s17497|s17735|s17756|s19981|s20471|s20486|s22348|s24455|s25323|s26845|s26868|s29093|s29125|s29503|s29622|s29866|s30026|s30243|s31106|s31141|s31400|s32195|s32628
association,hard,s08936,cluster,Heatmap,s01182|s01241|s01795|s01840|s01995|s03386|s03516|s04641|s06914|s07432|s07784|s08452|s08915|s09483|s09968|s11342|s12531|s12589|s13314|s13927|s15646|s17236|s17497|s17735|s17756|s19981|s20471|s20486|s22348|s24455|s25323|s26845|s26868|s29093|s29125|s29503|s29622|s29866|s30026|s30243|s31106|s31141|s31400|s32195|s32628
association,hard,s09483,cluster,Heatmap,s01182|s01241|s01795|s01840|s01995|s03386|s03516|s04641|s06914|s07432|s07784|s08452|s08915|s08936|s09968|s11342|s12531|s12589|s13314|s13927|s15646|s17236|s17497|s17735|s17756|s19981|s20471|s20486|s22348|s24455|s25323|s26845|s26868|s29093|s29125|s29503|s29622|s29866|s30026|s30243|s31106|s31141|s31400|s32195|s32628
association,hard,s09968,cluster,Heatmap,s01182|s01241|s01795|s01840|s01995|s03386|s03516|s04641|s06914|s07432|s07784|s08452|s08915|s08936|s09483|s11342|s12531|s12589|s13314|s13927|s15646|s17236|s17497|s17735|s17756|s19981|s20471|s20486|s22348|s24455|s25323|s26845|s26868|s29093|s29125|s29503|s29622|s29866|s30026|s30243|s31106|s31141|s31400|s32195|s32628
association,hard,s11342,cluster,Heatmap,s01182|s01241|s01795|s01840|s01995|s03386|s03516|s04641|s06914|s07432|s07784|s08452|s08915|s08936|s09483|s09968|s12531|s12589|s13314|s13927|s15646|s17236|s17497|s17735|s17756|s19981|s20471|s20486|s22348|s24455|s25323|s26845|s26868|s29093|s29125|s29503|s29622|s29866|s30026|s30243|s31106|s31141|s31400|s32195|s32628
association,hard,s12531,cluster,Heatmap,s01182|s01241|s01795|s01840|s01995|s03386|s03516|s04641|s06914|s07432|s07784|s08452|s08915|s08936|s09483|s09968|s11342|s12589|s13314|s13927|s15646|s17236|s17497|s17735|s17756|s19981|s20471|s20486|s22348|s24455|s25323|s26845|s26868|s29093|s29125|s29503|s29622|s29866|s30026|s30243|s31106|s31141|s31400|s32195|s32628
association,hard,s12589,cluster,Heatmap,s01182|s01241|s01795|s01840|s01995|s03386|s03516|s04641|s06914|s07432|s07784|s08452|s08915|s08936|s09483|s09968|s11342|s12531|s13314|s13927|s15646|s17236|s17497|s17735|s17756|s19981|s20471|s20486|s22348|s24455|s25323|s26845|s26868|s29093|s29125|s29503|s29622|s29866|s30026|s30243|s31106|s31141|s31400|s32195|s32628
association,hard,s13314,cluster,Heatmap,s01182|s01241|s01795|s01840|s01995|s03386|s03516|s04641|s06914|s07432|s07784|s08452|s08915|s08936|s09483|s09968|s11342|s12531|s12589|s13927|s15646|s17236|s17497|s17735|s17756|s19981|s20471|s20486|s22348|s24455|s25323|s26845|s26868|s29093|s29125|s29503|s29622|s29866|s30026|s30243|s31106|s31141|s31400|s32195|s32628
association,hard,s13927,cluster,Heatmap,s01182|s01241|s01795|s01840|s01995|s03386|s03516|s04641|s06914|s07432|s07784|s08452|s08915|s08936|s09483|s09968|s11342|s12531|s12589|s13314|s15646|s17236|s17497|s17735|s17756|s19981|s20471|s20486|s22348|s24455|s25323|s26845|s26868|s29093|s29125|s29503|s29622|s29866|s30026|s30243|s31106|s31141|s31400|s32195|s32628
association,hard,s15646,cluster,Heatmap,s01182|s01241|s01795|s01840|s01995|s03386|s03516|s04641|s06914|s07432|s07784|s08452|s08915|s08936|s09483|s09968|s11342|s12531|s12589|s13314|s13927|s17236|s17497|s17735|s17756|s19981|s20471|s20486|s22348|s24455|s25323|s26845|s26868|s29093|s29125|s29503|s29622|s29866|s30026|s30243|s31106|s31141|s31400|s32195|s32628
association,hard,s17236,cluster,Heatmap,s01182|s01241|s01795|s01840|s01995|s03386|s03516|s04641|s06914|s07432|s07784|s08452|s08915|s08936|s09483|s09968|s11342|s12531|s12589|s13314|s13927|s15646|s17497|s17735|s17756|s19981|s20471|s20486|s22348|s24455|s25323|s26845|s26868|s29093|s29125|s29503|s29622|s29866|s30026|s30243|s31106|s31141|s31400|s32195|s32628
association,hard,s17497,cluster,Heatmap,s01182|s01241|s01795|s01840|s01995|s03386|s03516|s04641|s06914|s07432|s07784|s08452|s08915|s08936|s09483|s09968|s11342|s12531|s12589|s13314|s13927|s15646|s17236|s17735|s17756|s19981|s20471|s20486|s22348|s24455|s25323|s26845|s26868|s29093|s29125|s29503|s29622|s29866|s30026|s30243|s31106|s31141|s31400|s32195|s32628
association,hard,s17735,cluster,Heatmap,s01182|s01241|s01795|s01840|s01995|s03386|s03516|s04641|s06914|s07432|s07784|s08452|s08915|s08936|s09483|s09968|s11342|s12531|s12589|s13314|s13927|s15646|s17236|s17497|s17756|s19981|s20471|s20486|s22348|s24455|s25323|s26845|s26868|s29093|s29125|s29503|s29622|s29866|s30026|s30243|s31106|s31141|s31400|s32195|s32628
association,hard,s17756,cluster,Heatmap,s01182|s01241|s01795|s01840|s01995|s03386|s03516|s04641|s06914|s07432|s07784|s08452|s08915|s08936|s09483|s09968|s11342|s12531|s12589|s13314|s13927|s15646|s17236|s17497|s17735|s19981|s20471|s20486|s22348|s24455|s25323|s26845|s26868|s29093|s29125|s29503|s29622|s29866|s30026|s30243|s31106|s31141|s31400|s32195|s32628
association,hard,s19981,cluster,Heatmap,s01182|s01241|s01795|s01840|s01995|s03386|s03516|s04641|s06914|s07432|s07784|s08452|s08915|s08936|s09483|s09968|s11342|s12531|s12589|s13314|s13927|s15646|s17236|s17497|s17735|s17756|s20471|s20486|s22348|s24455|s25323|s26845|s26868|s29093|s29125|s29503|s29622|s29866|s30026|s30243|s31106|s31141|s31400|s32195|s32628
association,hard,s20471,cluster,Heatmap,s01182|s01241|s01795|s01840|s01995|s03386|s03516|s04641|s06914|s07432|s07784|s08452|s08915|s08936|s09483|s09968|s11342|s12531|s12589|s13314|s13927|s15646|s17236|s17497|s17735|s17756|s19981|s20486|s22348|s24455|s25323|s26845|s26868|s29093|s29125|s29503|s29622|s29866|s30026|s30243|s31106|s31141|s31400|s32195|s32628
association,hard,s20486,cluster,Heatmap,s01182|s01241|s01795|s01840|s01995|s03386|s03516|s04641|s06914|s07432|s07784|s08452|s08915|s08936|s09483|s09968|s11342|s12531|s12589|s13314|s13927|s15646|s17236|s17497|s17735|s17756|s19981|s20471|s22348|s24455|s25323|s26845|s26868|s29093|s29125|s29503|s29622|s29866|s30026|s30243|s31106|s31141|s31400|s32195|s32628
association,hard,s22348,cluster,Heatmap,s01182|s01241|s01795|s01840|s01995|s03386|s03516|s04641|s06914|s07432|s07784|s08452|s08915|s08936|s09483|s09968|s11342|s12531|s12589|s13314|s13927|s15646|s17236|s17497|s17735|s17756|s19981|s20471|s20486|s24455|s25323|s26845|s26868|s29093|s29125|s29503|s29622|s29866|s30026|s30243|s31106|s31141|s31400|s32195|s32628
association,hard,s24455,cluster,Heatmap,s01182|s01241|s01795|s01840|s01995|s03386|s03516|s04641|s06914|s07432|s07784|s08452|s08915|s08936|s09483|s09968|s11342|s12531|s12589|s13314|s13927|s15646|s17236|s17497|s17735|s17756|s19981|s20471|s20486|s22348|s25323|s26845|s26868|s29093|s29125|s29503|s29622|s29866|s30026|s30243|s31106|s31141|s31400|s32195|s32628
association,hard,s25323,cluster,Heatmap,s01182|s01241|s01795|s01840|s01995|s03386|s03516|s04641|s06914|s07432|s07784|s08452|s08915|s08936|s09483|s09968|s11342|s12531|s12589|s13314|s13927|s15646|s17236|s17497|s17735|s17756|s19981|s20471|s20486|s22348|s24455|s26845|s26868|s29093|s29125|s29503|s29622|s29866|s30026|s30243|s31106|s31141|s31400|s32195|s32628
association,hard,s26845,cluster,Heatmap,s01182|s01241|s01795|s01840|s01995|s03386|s03516|s04641|s06914|s07432|s07784|s08452|s08915|s08936|s09483|s09968|s11342|s12531|s12589|s13314|s13927|s15646|s17236|s17497|s17735|s17756|s19981|s20471|s20486|s22348|s24455|s25323|s26868|s29093|s29125|s29503|s29622|s29866|s30026|s30243|s31106|s31141|s31400|s32195|s32628
association,hard,s26868,cluster,Heatmap,s01182|s01241|s01795|s01840|s01995|s03386|s03516|s04641|s06914|s07432|s07784|s08452|s08915|s08936|s09483|s09968|s11342|s12531|s12589|s13314|s13927|s15646|s17236|s17497|s17735|s17756|s19981|s20471|s20486|s22348|s24455|s25323|s26845|s29093|s29125|s29503|s29622|s29866|s30026|s30243|s31106|s31141|s31400|s32195|s32628
association,hard,s29093,cluster,Heatmap,s01182|s01241|s01795|s01840|s01995|s03386|s03516|s04641|s06914|s07432|s07784|s08452|s08915|s08936|s09483|s09968|s11342|s12531|s12589|s13314|s13927|s15646|s17236|s17497|s17735|s17756|s19981|s20471|s20486|s22348|s24455|s25323|s26845|s26868|s29125|s29503|s29622|s29866|s30026|s30243|s31106|s31141|s31400|s32195|s32628
association,hard,s29125,cluster,Heatmap,s01182|s01241|s01795|s01840|s01995|s03386|s03516|s04641|s06914|s07432|s07784|s08452|s08915|s08936|s09483|s09968|s11342|s12531|s12589|s13314|s13927|s15646|s17236|s17497|s17735|s17756|s19981|s20471|s20486|s22348|s24455|s25323|s26845|s26868|s29093|s29503|s29622|s29866|s30026|s30243|s31106|s31141|s31400|s32195|s32628
association,hard,s29503,cluster,Heatmap,s01182|s01241|s01795|s01840|s01995|s03386|s03516|s04641|s06914|s07432|s07784|s08452|s08915|s08936|s09483|s09968|s11342|s12531|s12589|s13314|s13927|s15646|s17236|s17497|s17735|s17756|s19981|s20471|s20486|s22348|s24455|s25323|s26845|s26868|s29093|s29125|s29622|s29866|s30026|s30243|s31106|s31141|s31400|s32195|s32628
association,hard,s29622,cluster,Heatmap,s01182|s01241|s01795|s01840|s01995|s03386|s03516|s04641|s06914|s07432|s07784|s08452|s08915|s08936|s09483|s09968|s11342|s12531|s12589|s13314|s13927|s15646|s17236|s17497|s17735|s17756|s19981|s20471|s20486|s22348|s24455|s25323|s26845|s26868|s29093|s29125|s29503|s29866|s30026|s30243|s31106|s31141|s31400|s32195|s32628
association,hard,s29866,cluster,Heatmap,s01182|s01241|s01795|s01840|s01995|s03386|s03516|s04641|s06914|s07432|s07784|s08452|s08915|s08936|s09483|s09968|s11342|s12531|s12589|s13314|s13927|s15646|s17236|s17497|s17735|s17756|s19981|s20471|s20486|s22348|s24455|s25323|s26845|s26868|s29093|s29125|s29503|s29622|s30026|s30243|s31106|s31141|s31400|s32195|s32628
association,hard,s30026,cluster,Heatmap,s01182|s01241|s01795|s01840|s01995|s03386|s03516|s04641|s06914|s07432|s07784|s08452|s08915|s08936|s09483|s09968|s11342|s12531|s12589|s13314|s13927|s15646|s17236|s17497|s17735|s17756|s19981|s20471|s20486|s22348|s24455|s25323|s26845|s26868|s29093|s29125|s29503|s29622|s29866|s30243|s31106|s31141|s31400|s32195|s32628
association,hard,s30243,cluster,Heatmap,s01182|s01241|s01795|s01840|s01995|s03386|s03516|s04641|s06914|s07432|s07784|s08452|s08915|s08936|s09483|s09968|s11342|s12531|s12589|s13314|s13927|s15646|s17236|s17497|s17735|s17756|s19981|s20471|s20486|s22348|s24455|s25323|s26845|s26868|s29093|s29125|s29503|s29622|s29866|s30026|s31106|s31141|s31400|s32195|s32628
association,hard,s31106,cluster,Heatmap,s01182|s01241|s01795|s01840|s01995|s03386|s03516|s04641|s06914|s07432|s07784|s08452|s08915|s08936|s09483|s09968|s11342|s12531|s12589|s13314|s13927|s15646|s17236|s17497|s17735|s17756|s19981|s20471|s20486|s22348|s24455|s25323|s26845|s26868|s29093|s29125|s29503|s29622|s29866|s30026|s30243|s31141|s31400|s32195|s32628
association,hard,s31141,cluster,Heatmap,s01182|s01241|s01795|s01840|s01995|s03386|s03516|s04641|s06914|s07432|s07784|s08452|s08915|s08936|s09483|s09968|s11342|s12531|s12589|s13314|s13927|s15646|s17236|s17497|s17735|s17756|s19981|s20471|s20486|s22348|s24455|s25323|s26845|s26868|s29093|s29125|s29503|s29622|s29866|s30026|s30243|s31106|s31400|s32195|s32628
association,hard,s31400,cluster,Heatmap,s01182|s01241|s01795|s01840|s01995|s03386|s03516|s04641|s06914|s07432|s07784|s08452|s08915|s08936|s09483|s09968|s11342|s12531|s12589|s13314|s13927|s15646|s17236|s17497|s17735|s17756|s19981|s20471|s20486|s22348|s24455|s25323|s26845|s26868|s29093|s29125|s29503|s29622|s29866|s30026|s30243|s31106|s31141|s32195|s32628
association,hard,s32195,cluster,Heatmap,s01182|s01241|s01795|s01840|s01995|s03386|s03516|s04641|s06914|s07432|s07784|s08452|s08915|s08936|s09483|s09968|s11342|s12531|s12589|s13314|s13927|s15646|s17236|s17497|s17735|s17756|s19981|s20471|s20486|s22348|s24455|s25323|s26845|s26868|s29093|s29125|s29503|s29622|s29866|s30026|s30243|s31106|s31141|s31400|s32628
association,hard,s32628,cluster,Heatmap,s01182|s01241|s01795|s01840|s01995|s03386|s03516|s04641|s06914|s07432|s07784|s08452|s08915|s08936|s09483|s09968|s11342|s12531|s12589|s13314|s13927|s15646|s17236|s17497|s17735|s17756|s19981|s20471|s20486|s22348|s24455|s25323|s26845|s26868|s29093|s29125|s29503|s29622|s29866|s30026|s30243|s31106|s31141|s31400|s32195
association,soft,s01182,cluster,Heatmap,s01241|s01795|s01840|s01995|s03386|s03516|s04641|s06914|s07432|s07784|s08452|s08915|s08936|s09483|s09968|s11342|s12531|s12589|s13314|s13927|s15646|s17236|s17497|s17735|s17756|s19981|s20471|s20486|s22348|s24455|s25323|s26845|s26868|s29093|s29125|s29503|s29622|s29866|s30026|s30243|s31106|s31141|s31400|s32195|s32628
association,soft,s01241,cluster,Heatmap,s01182|s01795|s01840|s01995|s03386|s03516|s04641|s06914|s07432|s07784|s08452|s08915|s08936|s09483|s09968|s11342|s12531|s12589|s13314|s13927|s15646|s17236|s17497|s17735|s17756|s19981|s20471|s20486|s22348|s24455|s25323|s26845|s26868|s29093|s29125|s29503|s29622|s29866|s30026|s30243|s31106|s31141|s31400|s32195|s32628
association,soft,s01795,cluster,Heatmap,s01182|s01241|s01840|s01995|s03386|s03516|s04641|s06914|s07432|s07784|s08452|s08915|s08936|s09483|s09968|s11342|s12531|s12589|s13314|s13927|s15646|s17236|s17497|s17735|s17756|s19981|s20471|s20486|s22348|s24455|s25323|s26845|s26868|s29093|s29125|s29503|s29622|s29866|s30026|s30243|s31106|s31141|s31400|s32195|s32628
association,soft,s01840,cluster,Heatmap,s01182|s01241|s01795|s01995|s03386|s03516|s04641|s06914|s07432|s07784|s08452|s08915|s08936|s09483|s09968|s11342|s12531|s12589|s13314|s13927|s15646|s17236|s17497|s17735|s17756|s19981|s20471|s20486|s22348|s24455|s25323|s26845|s26868|s29093|s29125|s29503|s29622|s29866|s30026|s30243|s31106|s31141|s31400|s32195|s32628
association,soft,s01995,cluster,Heatmap,s01182|s01241|s01795|s01840|s03386|s03516|s04641|s06914|s07432|s07784|s08452|s08915|s08936|s09483|s09968|s11342|s12531|s12589|s13314|s13927|s15646|s17236|s17497|s17735|s17756|s19981|s20471|s20486|s22348|s24455|s25323|s26845|s26868|s29093|s29125|s29503|s29622|s29866|s30026|s30243|s31106|s31141|s31400|s32195|s32628
association,soft,s03386,cluster,Heatmap,s01182|s01241|s01795|s01840|s01995|s03516|s04641|s06914|s07432|s07784|s08452|s08915|s08936|s09483|s09968|s11342|s12531|s12589|s13314|s13927|s15646|s17236|s17497|s17735|s17756|s19981|s20471|s20486|s22348|s24455|s25323|s26845|s26868|s29093|s29125|s29503|s29622|s29866|s30026|s30243|s31106|s31141|s31400|s32195|s32628
association,soft,s03516,cluster,Heatmap,s01182|s01241|s01795|s01840|s01995|s03386|s04641|s06914|s07432|s07784|s08452|s08915|s08936|s09483|s09968|s11342|s12531|s12589|s13314|s13927|s15646|s17236|s17497|s17735|s17756|s19981|s20471|s20486|s22348|s24455|s25323|s26845|s26868|s29093|s29125|s29503|s29622|s29866|s30026|s30243|s31106|s31141|s31400|s32195|s32628
association,soft,s04641,cluster,Heatmap,s01182|s01241|s01795|s01840|s01995|s03386|s03516|s06914|s07432|s07784|s08452|s08915|s08936|s09483|s09968|s11342|s12531|s12589|s13314|s13927|s15646|s17236|s17497|s17735|s17756|s19981|s20471|s20486|s22348|s24455|s25323|s26845|s26868|s29093|s29125|s29503|s29622|s29866|s30026|s30243|s31106|s31141|s31400|s32195|s32628
association,soft,s06914,cluster,Heatmap,s01182|s01241|s01795|s01840|s01995|s03386|s03516|s04641|s07432|s07784|s08452|s08915|s08936|s09483|s09968|s11342|s12531|s12589|s13314|s13927|s15646|s17236|s17497|s17735|s17756|s19981|s20471|s20486|s22348|s24455|s25323|s26845|s26868|s29093|s29125|s29503|s29622|s29866|s30026|s30243|s31106|s31141|s31400|s32195|s32628
association,soft,s07432,cluster,Heatmap,s01182|s01241|s01795|s01840|s01995|s03386|s03516|s04641|s06914|s07784|s08452|s08915|s08936|s09483|s09968|s11342|s12531|s12589|s13314|s13927|s15646|s17236|s17497|s17735|s17756|s19981|s20471|s20486|s22348|s24455|s25323|s26845|s26868|s29093|s29125|s29503|s29622|s29866|s30026|s30243|s31106|s31141|s31400|s32195|s32628
association,soft,s07784,cluster,Heatmap,s01182|s01241|s01795|s01840|s01995|s03386|s03516|s04641|s06914|s07432|s08452|s08915|s08936|s09483|s09968|s11342|s12531|s12589|s13314|s13927|s15646|s17236|s17497|s17735|s17756|s19981|s20471|s20486|s22348|s24455|s25323|s26845|s26868|s29093|s29125|s29503|s29622|s29866|s30026|s30243|s31106|s31141|s31400|s32195|s32628
association,soft,s08452,cluster,Heatmap,s01182|s01241|s01795|s01840|s01995|s03386|s03516|s04641|s06914|s07432|s07784|s08915|s08936|s09483|s09968|s11342|s12531|s12589|s13314|s13927|s15646|s17236|s17497|s17735|s17756|s19981|s20471|s20486|s22348|s24455|s25323|s26845|s26868|s29093|s29125|s29503|s29622|s29866|s30026|s30243|s31106|s31141|s31400|s32195|s32628
association,soft,s08915,cluster,Heatmap,s01182|s01241|s01795|s01840|s01995|s03386|s03516|s04641|s06914|s07432|s07784|s08452|s08936|s09483|s09968|s11342|s12531|s12589|s13314|s13927|s15646|s17236|s17497|s17735|s17756|s19981|s20471|s20486|s22348|s24455|s25323|s26845|s26868|s29093|s29125|s29503|s29622|s29866|s30026|s30243|s31106|s31141|s31400|s32195|s32628
association,soft,s08936,cluster,Heatmap,s01182|s01241|s01795|s01840|s01995|s03386|s03516|s04641|s06914|s07432|s07784|s08452|s08915|s09483|s09968|s11342|s12531|s12589|s13314|s13927|s15646|s17236|s17497|s17735|s17756|s19981|s20471|s20486|s22348|s24455|s25323|s26845|s26868|s29093|s29125|s29503|s29622|s29866|s30026|s30243|s31106|s31141|s31400|s32195|s32628
association,soft,s09483,cluster,Heatmap,s01182|s01241|s01795|s01840|s01995|s03386|s03516|s04641|s06914|s07432|s07784|s08452|s08915|s08936|s09968|s11342|s12531|s12589|s13314|s13927|s15646|s17236|s17497|s17735|s17756|s19981|s20471|s20486|s22348|s24455|s25323|s26845|s26868|s29093|s29125|s29503|s29622|s29866|s30026|s30243|s31106|s31141|s31400|s32195|s32628
association,soft,s09968,cluster,Heatmap,s01182|s01241|s01795|s01840|s01995|s03386|s03516|s04641|s06914|s07432|s07784|s08452|s08915|s08936|s09483|s11342|s12531|s12589|s13314|s13927|s15646|s17236|s17497|s17735|s17756|s19981|s20471|s20486|s22348|s24455|s25323|s26845|s26868|s29093|s29125|s29503|s29622|s29866|s30026|s30243|s31106|s31141|s31400|s32195|s32628
association,soft,s11342,cluster,Heatmap,s01182|s01241|s01795|s01840|s01995|s03386|s03516|s04641|s06914|s07432|s07784|s08452|s08915|s08936|s09483|s09968|s12531|s12589|s13314|s13927|s15646|s17236|s17497|s17735|s17756|s19981|s20471|s20486|s22348|s24455|s25323|s26845|s26868|s29093|s29125|s29503|s29622|s29866|s30026|s30243|s31106|s31141|s31400|s32195|s32628
association,soft,s12531,cluster,Heatmap,s01182|s01241|s01795|s01840|s01995|s03386|s03516|s04641|s06914|s07432|s07784|s08452|s08915|s08936|s09483|s09968|s11342|s12589|s13314|s13927|s15646|s17236|s17497|s17735|s17756|s19981|s20471|s20486|s22348|s24455|s25323|s26845|s26868|s29093|s29125|s29503|s29622|s29866|s30026|s30243|s31106|s31141|s31400|s32195|s32628
association,soft,s12589,cluster,Heatmap,s01182|s01241|s01795|s01840|s01995|s03386|s03516|s04641|s06914|s07432|s07784|s08452|s08915|s08936|s09483|s09968|s11342|s12531|s13314|s13927|s15646|s17236|s17497|s17735|s17756|s19981|s20471|s20486|s22348|s24455|s25323|s26845|s26868|s29093|s29125|s29503|s29622|s29866|s30026|s30243|s31106|s31141|s31400|s32195|s32628
association,soft,s13314,cluster,Heatmap,s01182|s01241|s01795|s01840|s01995|s03386|s03516|s04641|s06914|s07432|s07784|s08452|s08915|s08936|s09483|s09968|s11342|s12531|s12589|s13927|s15646|s17236|s17497|s17735|s17756|s19981|s20471|s20486|s22348|s24455|s25323|s26845|s26868|s29093|s29125|s29503|s29622|s29866|s30026|s30243|s31106|s31141|s31400|s32195|s32628
association,soft,s13927,cluster,Heatmap,s01182|s01241|s01795|s01840|s01995|s03386|s03516|s04641|s06914|s07432|s07784|s08452|s08915|s08936|s09483|s09968|s11342|s12531|s12589|s13314|s15646|s17236|s17497|s17735|s17756|s19981|s20471|s20486|s22348|s24455|s25323|s26845|s26868|s29093|s29125|s29503|s29622|s29866|s30026|s30243|s31106|s31141|s31400|s32195|s32628
association,soft,s15646,cluster,Heatmap,s01182|s01241|s01795|s01840|s01995|s03386|s03516|s04641|s06914|s07432|s07784|s08452|s08915|s08936|s09483|s09968|s11342|s12531|s12589|s13314|s13927|s17236|s17497|s17735|s17756|s19981|s20471|s20486|s22348|s24455|s25323|s26845|s26868|s29093|s29125|s29503|s29622|s29866|s30026|s30243|s31106|s31141|s31400|s32195|s32628
association,soft,s17236,cluster,Heatmap,s01182|s01241|s01795|s01840|s01995|s03386|s03516|s04641|s06914|s07432|s07784|s08452|s08915|s08936|s09483|s09968|s11342|s12531|s12589|s13314|s13927|s15646|s17497|s17735|s17756|s19981|s20471|s20486|s22348|s24455|s25323|s26845|s26868|s29093|s29125|s29503|s29622|s29866|s30026|s30243|s31106|s31141|s31400|s32195|s32628
association,soft,s17497,cluster,Heatmap,s01182|s01241|s01795|s01840|s01995|s03386|s03516|s04641|s06914|s07432|s07784|s08452|s08915|s08936|s09483|s09968|s11342|s12531|s12589|s13314|s13927|s15646|s17236|s17735|s17756|s19981|s20471|s20486|s22348|s24455|s25323|s26845|s26868|s29093|s29125|s29503|s29622|s29866|s30026|s30243|s31106|s31141|s31400|s32195|s32628
association,soft,s17735,cluster,Heatmap,s01182|s01241|s01795|s01840|s01995|s03386|s03516|s04641|s06914|s07432|s07784|s08452|s08915|s08936|s09483|s09968|s11342|s12531|s12589|s13314|s13927|s15646|s17236|s17497|s17756|s19981|s20471|s20486|s22348|s24455|s25323|s26845|s26868|s29093|s29125|s29503|s29622|s29866|s30026|s30243|s31106|s31141|s31400|s32195|s32628
association,soft,s17756,cluster,Heatmap,s01182|s01241|s01795|s01840|s01995|s03386|s03516|s04641|s06914|s07432|s07784|s08452|s08915|s08936|s09483|s09968|s11342|s12531|s12589|s13314|s13927|s15646|s17236|s17497|s17735|s19981|s20471|s20486|s22348|s24455|s25323|s26845|s26868|s29093|s29125|s29503|s29622|s29866|s30026|s30243|s31106|s31141|s31400|s32195|s32628
association,soft,s19981,cluster,Heatmap,s01182|s01241|s01795|s01840|s01995|s03386|s03516|s04641|s06914|s07432|s07784|s08452|s08915|s08936|s09483|s09968|s11342|s12531|s12589|s13314|s13927|s15646|s17236|s17497|s17735|s17756|s20471|s20486|s22348|s24455|s25323|s26845|s26868|s29093|s29125|s29503|s29622|s29866|s30026|s30243|s31106|s31141|s31400|s32195|s32628
association,soft,s20471,cluster,Heatmap,s01182|s01241|s01795|s01840|s01995|s03386|s03516|s04641|s06914|s07432|s07784|s08452|s08915|s08936|s09483|s09968|s11342|s12531|s12589|s13314|s13927|s15646|s17236|s17497|s17735|s17756|s19981|s20486|s22348|s24455|s25323|s26845|s26868|s29093|s29125|s29503|s29622|s29866|s30026|s30243|s31106|s31141|s31400|s32195|s32628
association,soft,s20486,cluster,Heatmap,s01182|s01241|s01795|s01840|s01995|s03386|s03516|s04641|s06914|s07432|s07784|s08452|s08915|s08936|s09483|s09968|s11342|s12531|s12589|s13314|s13927|s15646|s17236|s17497|s17735|s17756|s19981|s20471|s22348|s24455|s25323|s26845|s26868|s29093|s29125|s29503|s29622|s29866|s30026|s30243|s31106|s31141|s31400|s32195|s32628
association,soft,s22348,cluster,Heatmap,s01182|s01241|s01795|s01840|s01995|s03386|s03516|s04641|s06914|s07432|s07784|s08452|s08915|s08936|s09483|s09968|s11342|s12531|s12589|s13314|s13927|s15646|s17236|s17497|s17735|s17756|s19981|s20471|s20486|s24455|s25323|s26845|s26868|s29093|s29125|s29503|s29622|s29866|s30026|s30243|s31106|s31141|s31400|s32195|s32628
association,soft,s24455,cluster,Heatmap,s01182|s01241|s01795|s01840|s01995|s03386|s03516|s04641|s06914|s07432|s07784|s08452|s08915|s08936|s09483|s09968|s11342|s12531|s12589|s13314|s13927|s15646|s17236|s17497|s17735|s17756|s19981|s20471|s20486|s22348|s25323|s26845|s26868|s29093|s29125|s29503|s29622|s29866|s30026|s30243|s31106|s31141|s31400|s32195|s32628
association,soft,s25323,cluster,Heatmap,s01182|s01241|s01795|s01840|s01995|s03386|s03516|s04641|s06914|s07432|s07784|s08452|s08915|s08936|s09483|s09968|s11342|s12531|s12589|s13314|s13927|s15646|s17236|s17497|s17735|s17756|s19981|s20471|s20486|s22348|s24455|s26845|s26868|s29093|s29125|s29503|s29622|s29866|s30026|s30243|s31106|s31141|s31400|s32195|s32628
association,soft,s26845,cluster,Heatmap,s01182|s01241|s01795|s01840|s01995|s03386|s03516|s04641|s06914|s07432|s07784|s08452|s08915|s08936|s09483|s09968|s11342|s12531|s12589|s13314|s13927|s15646|s17236|s17497|s17735|s17756|s19981|s20471|s20486|s22348|s24455|s25323|s26868|s29093|s29125|s29503|s29622|s29866|s30026|s30243|s31106|s31141|s31400|s32195|s32628
association,soft,s26868,cluster,Heatmap,s01182|s01241|s01795|s01840|s01995|s03386|s03516|s04641|s06914|s07432|s07784|s08452|s08915|s08936|s09483|s09968|s11342|s12531|s12589|s13314|s13927|s15646|s17236|s17497|s17735|s17756|s19981|s20471|s20486|s22348|s24455|s25323|s26845|s29093|s29125|s29503|s29622|s29866|s30026|s30243|s31106|s31141|s31400|s32195|s32628
association,soft,s29093,cluster,Heatmap,s01182|s01241|s01795|s01840|s01995|s03386|s03516|s04641|s06914|s07432|s07784|s08452|s08915|s08936|s09483|s09968|s11342|s12531|s12589|s13314|s13927|s15646|s17236|s17497|s17735|s17756|s19981|s20471|s20486|s22348|s24455|s25323|s26845|s26868|s29125|s29503|s29622|s29866|s30026|s30243|s31106|s31141|s31400|s32195|s32628
association,soft,s29125,cluster,Heatmap,s01182|s01241|s01795|s01840|s01995|s03386|s03516|s04641|s06914|s07432|s07784|s08452|s08915|s08936|s09483|s09968|s11342|s12531|s12589|s13314|s13927|s15646|s17236|s17497|s17735|s17756|s19981|s20471|s20486|s22348|s24455|s25323|s26845|s26868|s29093|s29503|s29622|s29866|s30026|s30243|s31106|s31141|s31400|s32195|s32628
association,soft,s29503,cluster,Heatmap,s01182|s01241|s01795|s01840|s01995|s03386|s03516|s04641|s06914|s07432|s07784|s08452|s08915|s08936|s09483|s09968|s11342|s12531|s12589|s13314|s13927|s15646|s17236|s17497|s17735|s17756|s19981|s20471|s20486|s22348|s24455|s25323|s26845|s26868|s29093|s29125|s29622|s29866|s30026|s30243|s31106|s31141|s31400|s32195|s32628
association,soft,s29622,cluster,Heatmap,s01182|s01241|s01795|s01840|s01995|s03386|s03516|s04641|s06914|s07432|s07784|s08452|s08915|s08936|s09483|s09968|s11342|s12531|s12589|s13314|s13927|s15646|s17236|s17497|s17735|s17756|s19981|s20471|s20486|s22348|s24455|s25323|s26845|s26868|s29093|s29125|s29503|s29866|s30026|s30243|s31106|s31141|s31400|s32195|s32628
association,soft,s29866,cluster,Heatmap,s01182|s01241|s01795|s01840|s01995|s03386|s03516|s04641|s06914|s07432|s07784|s08452|s08915|s08936|s09483|s09968|s11342|s12531|s12589|s13314|s13927|s15646|s17236|s17497|s17735|s17756|s19981|s20471|s20486|s22348|s24455|s25323|s26845|s26868|s29093|s29125|s29503|s29622|s30026|s30243|s31106|s31141|s31400|s32195|s32628
association,soft,s30026,cluster,Heatmap,s01182|s01241|s01795|s01840|s01995|s03386|s03516|s04641|s06914|s07432|s07784|s08452|s08915|s08936|s09483|s09968|s11342|s12531|s12589|s13314|s13927|s15646|s17236|s17497|s17735|s17756|s19981|s20471|s20486|s22348|s24455|s25323|s26845|s26868|s29093|s29125|s29503|s29622|s29866|s30243|s31106|s31141|s31400|s32195|s32628
association,soft,s30243,cluster,Heatmap,s01182|s01241|s01795|s01840|s01995|s03386|s03516|s04641|s06914|s07432|s07784|s08452|s08915|s08936|s09483|s09968|s11342|s12531|s12589|s13314|s13927|s15646|s17236|s17497|s17735|s17756|s19981|s20471|s20486|s22348|s24455|s25323|s26845|s26868|s29093|s29125|s29503|s29622|s29866|s30026|s31106|s31141|s31400|s32195|s32628
association,soft,s31106,cluster,Heatmap,s01182|s01241|s01795|s01840|s01995|s03386|s03516|s04641|s06914|s07432|s07784|s08452|s08915|s08936|s09483|s09968|s11342|s12531|s12589|s13314|s13927|s15646|s17236|s17497|s17735|s17756|s19981|s20471|s20486|s22348|s24455|s25323|s26845|s26868|s29093|s29125|s29503|s29622|s29866|s30026|s30243|s31141|s31400|s32195|s32628
association,soft,s31141,cluster,Heatmap,s01182|s01241|s01795|s01840|s01995|s03386|s03516|s04641|s06914|s07432|s07784|s08452|s08915|s08936|s09483|s09968|s11342|s12531|s12589|s13314|s13927|s15646|s17236|s17497|s17735|s17756|s19981|s20471|s20486|s22348|s24455|s25323|s26845|s26868|s29093|s29125|s29503|s29622|s29866|s30026|s30243|s31106|s31400|s32195|s32628
association,soft,s31400,cluster,Heatmap,s01182|s01241|s01795|s01840|s01995|s03386|s03516|s04641|s06914|s07432|s07784|s08452|s08915|s08936|s09483|s09968|s11342|s12531|s12589|s13314|s13927|s15646|s17236|s17497|s17735|s17756|s19981|s20471|s20486|s22348|s24455|s25323|s26845|s26868|s29093|s29125|s29503|s29622|s29866|s30026|s30243|s31106|s31141|s32195|s32628
association,soft,s32195,cluster,Heatmap,s01182|s01241|s01795|s01840|s01995|s03386|s03516|s04641|s06914|s07432|s07784|s08452|s08915|s08936|s09483|s09968|s11342|s12531|s12589|s13314|s13927|s15646|s17236|s17497|s17735|s17756|s19981|s20471|s20486|s22348|s24455|s25323|s26845|s26868|s29093|s29125|s29503|s29622|s29866|s30026|s30243|s31106|s31141|s31400|s32628
association,soft,s32628,cluster,Heatmap,s01182|s01241|s01795|s01840|s01995|s03386|s03516|s04641|s06914|s07432|s07784|s08452|s08915|s08936|s09483|s09968|s11342|s12531|s12589|s13314|s13927|s15646|s17236|s17497|s17735|s17756|s19981|s20471|s20486|s22348|s24455|s25323|s26845|s26868|s29093|s29125|s29503|s29622|s29866|s30026|s30243|s31106|s31141|s31400|s32195
