H,family,phase,loss,error,recovered
256,Line chart,0.0,0.028517612408592335,,"[93.83727272727273, 94.05448863636364, 94.44547727272727, 95.575, 94.48892045454546, 94.48892045454546, 93.40284090909091, 93.40284090909091, 92.20815340909091, 90.18804545454546, 88.84130681818183, 84.71420454545455]"
256,Line chart,0.25,0.01495078496063142,,"[93.83727272727273, 93.83727272727273, 94.27170454545455, 95.575, 94.3803125, 94.27170454545455, 93.40284090909091, 93.40284090909091, 92.09954545454546, 90.10115909090909, 88.79786363636364, 84.49698863636364]"
256,Line chart,0.5,0.031031921740831643,,"[93.83727272727273, 93.83727272727273, 94.27170454545455, 95.40122727272728, 94.27170454545455, 94.27170454545455, 93.40284090909091, 93.29423295454545, 91.9909375, 90.03599431818182, 88.62409090909091, 84.42458333333335]"
256,Line chart,0.75,0.05609859350333753,,"[93.83727272727273, 93.83727272727273, 94.09793181818182, 95.14056818181818, 94.27170454545455, 94.27170454545455, 93.185625, 93.185625, 91.92577272727273, 89.92738636363636, 88.51548295454546, 84.42458333333335]"
256,Area chart,0.0,0.027549089170627834,,"[93.83727272727273, 93.83727272727273, 94.27170454545455, 95.575, 94.27170454545455, 94.27170454545455, 93.40284090909091, 93.40284090909091, 92.09954545454546, 89.92738636363636, 88.62409090909091, 84.27977272727273]"
256,Area chart,0.25,0.06181575641863534,,"[93.83727272727273, 93.83727272727273, 94.27170454545455, 95.14056818181818, 94.27170454545455, 94.27170454545455, 92.9684090909091, 92.9684090909091, 92.09954545454546, 89.92738636363636, 88.62409090909091, 84.27977272727273]"
256,Area chart,0.5,0.11628748973571129,,"[93.40284090909091, 93.40284090909091, 93.83727272727273, 95.14056818181818, 94.27170454545455, 93.83727272727273, 92.9684090909091, 92.9684090909091, 91.66511363636364, 89.92738636363636, 88.62409090909091, 84.27977272727273]"
256,Area chart,0.75,0.12775972626160106,,"[93.40284090909091, 93.40284090909091, 93.83727272727273, 95.14056818181818, 93.83727272727273, 93.83727272727273, 92.9684090909091, 92.9684090909091, 91.66511363636364, 89.92738636363636, 88.62409090909091, 84.27977272727273]"
256,Dot plot,0.0,0.05142568233324702,,"[94.05448863636364, 94.12689393939394, 94.39582792207793, 95.79221590909091, 94.48892045454546, 94.56132575757576, 93.62005681818182, 93.62005681818182, 92.24435606060607, 90.21700757575758, 89.05852272727273, 84.49698863636364]"
256,Dot plot,0.25,0.008346921891146407,,"[93.83727272727273, 93.98208333333334, 94.27170454545455, 95.62930397727274, 94.41651515151517, 94.41651515151517, 93.45714488636364, 93.40284090909091, 92.09954545454546, 90.14460227272727, 88.84130681818183, 84.42458333333335]"
256,Dot plot,0.5,0.02125831442903542,,"[93.83727272727273, 93.89157670454546, 94.21740056818182, 95.575, 94.27170454545455, 94.32600852272728, 93.40284090909091, 93.40284090909091, 92.04524147727274, 89.92738636363636, 88.76890151515151, 84.27977272727273]"
256,Dot plot,0.75,0.05605824797479143,,"[93.62005681818182, 93.83727272727273, 94.12689393939394, 95.43018939393939, 94.21740056818182, 94.27170454545455, 93.25803030303031, 93.185625, 91.88232954545455, 89.92738636363636, 88.62409090909091, 84.22546875]"
256,Bar chart,0.0,0.027549089170627834,,"[93.83727272727273, 93.83727272727273, 94.27170454545455, 95.575, 94.27170454545455, 94.27170454545455, 93.40284090909091, 93.40284090909091, 92.09954545454546, 89.92738636363636, 88.62409090909091, 84.27977272727273]"
256,Bar chart,0.25,0.0933430166839318,,"[93.40284090909091, 93.83727272727273, 93.83727272727273, 95.14056818181818, 94.27170454545455, 94.27170454545455, 92.9684090909091, 92.9684090909091, 91.66511363636364, 89.92738636363636, 88.62409090909091, 84.27977272727273]"
256,Bar chart,0.5,0.1507041993133798,,"[93.40284090909091, 93.40284090909091, 93.83727272727273, 95.14056818181818, 93.83727272727273, 93.83727272727273, 92.9684090909091, 92.9684090909091, 91.66511363636364, 89.49295454545455, 88.62409090909091, 83.84534090909092]"
256,Bar chart,0.75,0.16217643583926955,,"[93.40284090909091, 93.40284090909091, 93.83727272727273, 95.14056818181818, 93.83727272727273, 93.83727272727273, 92.9684090909091, 92.9684090909091, 91.66511363636364, 89.49295454545455, 88.18965909090909, 83.84534090909092]"
384,Line chart,0.125,0.017819139161423567,,"[93.92440111420613, 94.09212325905293, 94.27382224930363, 95.60162256267411, 94.48347493036212, 94.41359070334262, 93.50509575208915, 93.36532729805015, 92.10741121169917, 90.08076862813371, 88.82285254178274, 84.55991469359333]"
384,Line chart,0.375,0.016049909643805226,,"[93.78463266016713, 93.92440111420613, 94.20393802228413, 95.4898077994429, 94.48347493036212, 94.34370647632312, 93.43521152506965, 93.36532729805015, 92.03752698467967, 90.01088440111421, 88.82285254178274, 84.51332520891366]"
384,Line chart,0.625,0.030308925824792422,,"[93.64486420612813, 93.92440111420613, 94.20393802228413, 95.43390041782729, 94.34370647632312, 94.20393802228413, 93.36532729805015, 93.36532729805015, 91.96764275766017, 90.01088440111421, 88.78092200557104, 84.51332520891366]"
384,Line chart,0.875,0.047287196761296814,,"[93.64486420612813, 93.92440111420613, 94.06416956824512, 95.32208565459611, 94.27382224930363, 94.20393802228413, 93.36532729805015, 93.25351253481895, 91.96764275766017, 89.89906963788302, 88.68308408774374, 84.51332520891366]"
384,Area chart,0.125,0.03917744311461959,,"[93.64486420612813, 93.92440111420613, 94.20393802228413, 95.32208565459611, 94.20393802228413, 94.20393802228413, 93.36532729805015, 93.36532729805015, 91.96764275766017, 90.01088440111421, 88.61319986072424, 84.42014623955431]"
384,Area chart,0.375,0.04655930004353484,,"[93.64486420612813, 93.92440111420613, 94.20393802228413, 95.32208565459611, 94.20393802228413, 94.20393802228413, 93.36532729805015, 93.08579038997215, 91.96764275766017, 90.01088440111421, 88.61319986072424, 84.42014623955431]"
384,Area chart,0.625,0.0687048708302802,,"[93.64486420612813, 93.64486420612813, 93.92440111420613, 95.32208565459611, 94.20393802228413, 94.20393802228413, 93.36532729805015, 93.08579038997215, 91.96764275766017, 89.73134749303622, 88.61319986072424, 84.42014623955431]"
384,Area chart,0.875,0.09823229854594082,,"[93.36532729805015, 93.64486420612813, 93.92440111420613, 95.32208565459611, 94.20393802228413, 93.92440111420613, 93.08579038997215, 93.08579038997215, 91.68810584958217, 89.73134749303622, 88.61319986072424, 84.42014623955431]"
384,Dot plot,0.125,0.022645608665043913,,"[93.88945900069638, 94.06416956824512, 94.34370647632312, 95.60162256267411, 94.48347493036212, 94.48347493036212, 93.55168523676882, 93.45850626740948, 92.15400069637884, 90.10406337047354, 88.89273676880222, 84.55991469359333]"
384,Dot plot,0.375,0.006026822014652522,,"[93.8312221448468, 94.01758008356546, 94.20393802228413, 95.56668044916435, 94.44853281685238, 94.34370647632312, 93.50509575208915, 93.4002694115599, 92.10741121169917, 90.01088440111421, 88.89273676880222, 84.42014623955431]"
384,Dot plot,0.625,0.02164553290844682,,"[93.73804317548746, 93.92440111420613, 94.20393802228413, 95.50844359331477, 94.39029596100279, 94.29711699164345, 93.36532729805015, 93.36532729805015, 91.96764275766017, 89.97594228760447, 88.75296831476324, 84.42014623955431]"
384,Dot plot,0.875,0.044669896186730444,,"[93.64486420612813, 93.88945900069638, 94.06416956824512, 95.41526462395542, 94.29711699164345, 94.20393802228413, 93.36532729805015, 93.28545961002786, 91.96764275766017, 89.87111594707521, 88.75296831476324, 84.28037778551533]"
384,Bar chart,0.125,0.03917744311461959,,"[93.64486420612813, 93.92440111420613, 94.20393802228413, 95.32208565459611, 94.20393802228413, 94.20393802228413, 93.36532729805015, 93.36532729805015, 91.96764275766017, 90.01088440111421, 88.61319986072424, 84.42014623955431]"
384,Bar chart,0.375,0.06870487083027982,,"[93.64486420612813, 93.92440111420613, 93.92440111420613, 95.32208565459611, 94.20393802228413, 94.20393802228413, 93.36532729805015, 93.08579038997215, 91.96764275766017, 89.73134749303622, 88.61319986072424, 84.14060933147633]"
384,Bar chart,0.625,0.09085044161702557,,"[93.64486420612813, 93.64486420612813, 93.92440111420613, 95.32208565459611, 94.20393802228413, 94.20393802228413, 93.08579038997215, 93.08579038997215, 91.68810584958217, 89.73134749303622, 88.61319986072424, 84.14060933147633]"
384,Bar chart,0.875,0.10561415547485568,,"[93.36532729805015, 93.64486420612813, 93.92440111420613, 95.32208565459611, 94.20393802228413, 93.92440111420613, 93.08579038997215, 93.08579038997215, 91.68810584958217, 89.73134749303622, 88.61319986072424, 84.14060933147633]"
